Id_client,Total_amount,Gender,Age,Count_city,Response_communcation,Communication_3month,Tenure
16052,1637,F,65,1,1,1,5
25027,4539,M,29,1,1,1,10
25659,6342,F,44,1,0,1,10
33297,9755,F,32,1,0,1,12
38750,5682,F,53,1,1,1,11
43063,2839,M,28,1,0,1,9
56311,2435,F,48,1,1,1,11
61721,7425,F,21,1,0,1,10
104027,6653,F,25,1,1,1,10
112005,1744,F,40,1,1,1,6
114389,2823,F,28,1,1,1,12
114395,6248,F,58,1,1,1,12
114438,3426,M,36,1,1,1,7
120741,3580,F,33,2,0,1,8
124428,2077,F,66,1,0,1,6
131083,7822,F,53,1,1,1,12
133752,8413,F,32,1,1,1,9
138705,2563,F,45,1,1,1,4
142289,4635,F,61,1,0,1,11
152502,1499,F,21,1,0,1,7
166395,14114,M,47,2,0,1,12
169547,12282,F,42,1,0,1,12
169553,1027,F,70,1,0,1,7
176701,895,F,50,1,0,1,4
176907,5042,F,43,1,0,1,10
176908,13055,M,43,1,0,1,11
176914,3658,M,53,1,1,1,12
177025,1733,M,28,2,0,1,10
177707,612,M,42,1,1,1,3
178060,1805,F,78,1,0,1,7
178939,4362,M,28,1,0,1,6
178998,6274,F,56,1,1,1,12
179109,10377,F,24,1,1,1,12
179110,1804,M,35,1,0,1,6
185046,3887,M,24,1,1,1,10
185047,2450,F,22,1,1,1,11
185048,7742,F,19,1,1,1,12
185050,5122,F,51,1,0,1,9
185051,1261,F,23,1,1,1,10
185053,2389,M,18,1,1,1,11
185055,2581,F,38,1,1,1,11
185056,7316,M,21,1,1,1,10
185059,6427,M,40,1,1,1,5
185061,4004,F,20,1,1,1,4
185065,1452,M,18,1,1,1,9
185066,10964,M,20,1,1,1,10
185068,1565,F,20,2,1,1,7
185071,11125,F,28,1,1,1,12
185076,1956,F,54,1,1,1,10
185077,4675,F,27,1,0,1,10
185079,4242,F,27,3,1,1,11
185083,7550,F,33,1,1,1,10
185086,18991,M,48,1,1,1,12
185092,1202,F,29,1,1,1,11
185097,6544,F,45,1,1,1,10
185102,14324,F,73,1,0,1,12
185104,9283,F,51,1,1,1,11
185106,5311,F,26,2,1,1,12
185108,11978,F,31,1,1,1,12
185114,14269,M,43,1,1,1,12
185117,7991,F,28,1,1,1,9
185118,4970,F,39,1,0,1,10
185122,4255,F,23,1,0,1,5
185124,7613,F,47,1,1,1,9
185126,4073,F,57,1,1,1,11
185127,2610,F,33,1,1,1,12
185128,9177,F,57,1,0,1,12
185132,10156,M,26,1,1,1,10
185134,6668,F,33,1,1,1,12
185138,2565,M,43,1,1,1,5
185139,1072,F,42,1,1,1,8
185140,423,F,17,1,1,1,7
185141,3982,F,38,1,1,1,12
185143,17954,F,32,1,0,1,12
185151,2116,M,85,1,1,1,10
185152,10494,F,54,1,1,1,11
185156,1288,F,18,1,1,1,10
185161,501,M,34,1,0,0,5
185169,2882,F,36,1,1,1,9
185173,4853,F,36,2,1,1,8
185174,5181,F,54,1,1,1,8
185177,6672,M,63,1,0,1,9
185179,4615,F,51,1,1,1,8
185182,4497,F,37,1,0,1,11
185184,8342,M,32,1,1,1,12
185185,4088,F,28,1,1,1,11
185188,6293,M,65,1,0,1,9
185192,8705,F,49,1,0,1,12
185196,3996,F,46,1,1,1,11
185198,15333,,,1,1,1,10
185202,9281,,,1,1,1,9
185203,3673,M,27,1,1,1,11
185205,656,F,27,1,1,1,5
185209,4225,M,43,1,1,1,9
185210,1229,M,31,2,1,1,6
185213,2769,M,39,1,1,1,10
185214,1696,F,50,1,1,1,8
185217,941,M,67,1,0,1,11
185224,2394,F,46,1,1,1,10
185225,271,F,79,1,1,1,5
185228,4154,F,24,1,1,1,8
185233,4223,M,36,1,1,1,10
185243,1611,M,50,1,1,1,6
185244,3485,F,55,1,1,1,11
185256,7025,F,27,1,1,1,9
185257,5534,F,39,1,1,1,12
185259,3917,F,35,1,1,1,11
185262,1811,F,78,1,1,1,8
185268,11510,M,37,1,1,1,11
185270,5009,M,25,1,1,1,10
185277,9622,M,33,1,0,1,11
185279,4887,M,24,1,0,1,9
185281,4975,F,22,1,0,1,11
185282,7963,M,24,2,1,1,11
185286,2874,F,18,1,1,1,10
185288,1038,F,15,1,1,1,8
185289,3485,F,24,1,0,1,12
185294,2550,M,19,1,1,1,10
185297,14762,M,37,1,0,1,12
185302,14974,F,37,1,0,1,12
185305,3686,F,70,1,1,1,11
185322,6401,M,1,1,1,1,11
185329,4520,F,19,1,1,1,10
185331,2497,F,23,1,1,1,6
185332,6640,M,25,1,0,1,12
185333,9807,M,53,1,0,1,12
185342,5913,F,59,1,1,1,12
185343,3468,F,57,1,1,1,10
185344,3494,F,19,1,1,1,8
185345,6163,F,31,1,0,1,9
185346,4990,F,42,1,1,1,12
185347,3337,M,19,1,1,1,12
185348,3123,F,25,1,1,1,11
185355,4611,F,29,2,1,1,5
185362,4059,F,40,1,0,1,11
185364,9514,F,24,1,0,1,11
185369,14661,F,34,1,0,1,11
185374,7001,F,39,1,1,1,11
185375,6094,M,25,1,1,1,8
185381,5617,F,23,1,1,1,11
185385,3892,M,23,2,1,1,9
185386,3705,F,55,1,0,1,11
185389,3780,M,21,1,1,1,6
185390,3377,M,1,1,1,1,5
185393,11694,M,19,1,0,1,12
185395,4876,F,34,1,1,1,12
185397,2230,F,37,1,1,1,8
185399,18312,M,50,1,1,1,12
185402,15101,F,25,2,0,1,11
185405,19728,F,57,1,1,1,11
185417,20591,F,38,1,0,1,12
185418,534,F,31,1,1,1,4
185419,1038,M,33,1,1,1,9
185420,2742,F,38,1,1,1,9
185423,1626,M,27,1,1,1,3
185425,5217,,,1,1,1,6
185428,4843,M,43,1,1,1,6
185432,9895,F,47,1,0,1,12
185435,7036,F,27,1,0,1,7
185436,2773,M,27,1,1,1,8
185441,1339,F,11,1,1,1,6
185451,14369,M,29,1,0,1,12
185452,1562,F,28,1,1,1,11
185453,1044,M,62,1,1,1,4
185454,1561,F,36,1,1,1,9
185458,651,M,35,1,1,1,9
185459,3495,F,15,1,1,1,11
185460,5719,F,52,1,0,1,11
185461,4074,F,49,1,1,1,9
185465,1634,F,24,1,1,1,10
185466,4389,F,49,1,1,1,8
185467,16494,F,22,1,1,1,9
185477,221,M,35,1,1,1,7
185484,6249,F,20,1,0,1,11
185486,6402,F,46,1,1,1,12
185487,161,F,20,1,1,1,6
185489,12837,F,25,1,0,1,9
185493,4696,F,25,1,0,1,9
185494,3535,M,29,1,1,1,9
185495,14316,F,42,1,0,1,10
185501,19154,F,36,1,1,1,11
185503,12765,M,31,1,1,1,12
185509,4148,F,18,1,1,1,8
185514,12191,F,36,1,0,1,12
185515,2761,M,19,1,1,1,11
185521,5147,F,28,1,1,1,8
185525,7119,M,25,1,1,1,6
185527,13245,M,27,1,0,1,12
185529,19374,F,34,1,0,1,12
185530,1039,M,36,1,0,1,6
185531,4953,F,55,1,1,1,7
185535,7104,F,26,1,1,1,11
185536,1825,M,23,1,1,1,6
185537,2089,F,24,1,1,1,8
186649,5170,F,34,1,1,1,11
186656,3954,M,71,1,1,1,12
186677,576,F,20,1,1,1,2
186680,5358,F,35,1,1,1,7
186709,2450,F,59,1,1,1,9
186738,5039,M,68,2,1,1,11
186739,2601,F,59,1,1,1,12
186740,2619,F,18,1,1,1,8
186744,4111,F,27,1,0,1,12
186762,13954,F,32,2,1,1,12
186793,3589,F,38,1,1,1,9
186838,2593,M,26,1,1,1,10
186874,186,M,30,1,1,1,4
186878,1388,F,27,1,1,1,11
186886,564,M,27,1,1,1,7
186913,746,M,25,1,1,1,10
186935,578,M,31,1,1,1,3
186936,1551,F,51,1,1,1,9
186949,1100,F,21,1,1,1,6
186970,431,F,51,1,1,1,8
186971,7340,M,25,1,1,1,11
186972,799,F,53,1,1,1,8
186978,4622,F,30,1,0,1,11
186979,378,F,19,1,1,1,6
186980,3843,F,61,1,0,1,10
186982,4932,F,39,1,0,1,10
186983,266,F,25,1,1,1,7
186984,401,F,28,1,1,1,3
186985,2394,F,65,1,1,1,9
186988,3626,M,30,2,0,1,9
186989,142,M,26,1,1,1,5
186990,1338,F,64,1,0,1,10
186991,3247,F,51,1,0,1,9
186999,1092,M,25,1,1,1,9
187016,1058,F,43,1,1,1,10
187017,5833,F,50,1,0,1,10
187035,10134,F,55,1,1,1,9
187053,12456,F,28,1,0,1,11
187148,2698,F,40,1,1,1,9
187157,247,F,28,1,1,1,5
187249,12128,F,28,1,1,1,10
187253,3372,F,28,1,1,1,9
192896,3782,F,24,1,1,1,10
193013,5781,M,30,1,1,1,9
193017,11701,F,35,1,0,1,11
193019,9242,F,36,1,0,1,12
193024,748,F,32,1,1,1,2
193028,4150,F,62,1,1,1,7
193029,8674,M,60,1,0,1,11
193031,2504,M,63,1,1,1,7
193050,2126,F,21,1,1,1,10
193051,5139,M,24,1,1,1,10
193057,1361,F,35,1,1,1,9
193059,13428,F,40,1,1,1,11
193061,7643,F,59,1,0,1,11
193062,9165,F,34,1,1,1,11
193064,3176,F,52,1,0,1,12
193065,3332,M,55,1,1,1,9
193066,12988,F,38,1,1,1,9
193067,2663,F,66,1,1,1,12
193070,2668,F,63,1,1,1,10
193071,2669,F,40,1,1,1,8
193078,3580,F,23,1,1,1,7
193081,709,M,60,1,1,1,6
193082,4171,F,43,1,0,1,11
193085,4846,M,1,1,1,1,9
193087,6783,M,37,1,1,1,9
193091,6899,M,68,1,1,1,8
193101,1427,F,79,1,1,1,9
193103,2266,F,17,1,1,1,9
193104,2240,F,34,1,1,1,9
193109,2761,F,54,1,1,1,8
193111,895,F,53,1,1,1,8
193114,929,F,58,1,1,1,8
193116,195,M,21,1,1,1,2
193117,187,F,21,1,1,1,2
193118,157,M,28,1,0,1,7
193122,1308,F,21,1,1,1,6
193128,5409,F,45,1,0,1,6
193131,1460,F,35,1,1,1,9
193139,2815,M,22,1,1,1,5
193140,985,F,43,1,1,1,6
193142,13739,F,36,1,0,1,11
193144,3087,M,29,1,0,1,10
193147,3975,F,41,1,0,1,10
193152,598,M,48,1,1,1,4
193153,2063,M,32,1,1,1,7
193155,5137,M,29,1,1,1,12
193162,1169,M,23,1,1,1,8
193163,2697,M,29,1,1,1,5
193165,226,F,56,1,1,1,5
193169,1252,F,29,1,1,1,7
193172,81,F,34,1,1,1,4
193175,467,M,49,1,1,1,4
193177,179,F,48,1,1,1,5
193178,442,F,39,1,1,1,6
193179,245,F,32,1,1,1,6
193180,938,M,20,1,1,1,4
193185,1890,F,38,1,0,1,10
193207,2773,F,24,1,0,1,7
193211,775,F,39,1,1,1,5
193226,475,F,30,1,1,1,6
193231,1294,F,25,1,1,1,7
193232,1443,M,28,1,0,1,11
193238,661,F,27,1,1,1,9
193250,15,,,1,1,1,3
193256,2917,F,45,1,1,1,3
193266,1017,M,61,1,1,1,5
193285,1060,F,34,1,1,1,6
193290,629,M,24,1,1,1,5
193291,7003,F,54,1,1,1,12
193292,3687,M,35,1,1,1,9
193347,4170,F,43,1,1,1,11
193359,3319,F,28,1,1,1,8
193363,7559,M,35,1,1,1,9
193371,427,F,22,1,1,1,2
193373,2320,F,42,1,1,1,9
193379,3260,F,77,1,1,1,10
193383,935,F,55,1,0,1,7
193393,5450,F,67,1,0,1,12
193395,2741,F,60,1,1,1,8
193399,2051,F,60,1,1,1,7
193645,5396,M,38,1,0,1,12
193649,1458,F,38,1,1,1,7
193650,11424,M,51,1,0,1,9
193665,12835,M,47,2,0,1,10
193674,3454,M,56,1,0,1,7
193680,1633,M,66,1,1,1,9
193688,1284,F,27,1,0,1,5
193689,3484,F,45,1,0,1,9
193691,3056,M,30,1,1,1,8
193692,977,M,54,1,1,1,8
193697,1378,F,38,1,1,1,7
193699,6135,M,29,2,1,1,9
193701,4763,M,27,2,1,1,9
193703,5152,F,26,1,0,1,9
193707,1565,M,38,1,1,1,4
193708,6333,M,49,1,1,1,8
193711,2524,M,23,1,0,1,7
193717,906,M,23,2,1,1,4
193721,4746,M,31,2,0,1,9
193722,930,M,29,1,1,1,6
193723,2069,M,32,1,1,1,5
193727,3437,F,22,1,0,1,5
193729,761,F,32,1,1,1,7
193732,1679,M,23,1,0,1,9
193734,184,F,43,1,1,1,3
193735,1312,F,33,1,0,1,8
193736,4155,F,25,2,0,1,9
193741,2990,F,27,1,0,1,9
193743,5236,F,47,1,0,1,8
193745,1330,F,40,2,1,1,7
193747,2571,F,50,1,0,1,8
193754,2317,M,26,1,1,1,8
193758,462,M,26,1,0,1,8
193759,1838,F,23,1,0,1,4
193760,388,F,41,1,1,1,8
193761,3468,F,34,2,1,1,6
193762,595,M,29,1,1,1,5
193765,1166,F,27,1,1,1,8
193766,1503,M,25,1,0,1,11
193770,757,F,19,1,1,1,11
193771,2717,M,33,2,0,1,9
193773,186,M,23,1,1,1,3
193774,671,M,39,1,1,1,8
193776,854,F,42,1,1,1,8
193778,943,F,19,1,1,1,8
193781,368,F,42,1,1,1,3
193786,1508,F,23,1,1,1,9
193790,708,M,21,1,1,1,7
193797,90,M,43,1,1,1,4
193803,2139,F,19,1,0,1,5
193805,5732,F,24,1,0,1,9
193810,3558,F,42,1,0,1,8
193813,4249,F,32,1,0,1,7
193814,3078,F,22,2,0,1,5
193815,585,F,54,1,1,1,8
193816,7143,F,25,1,0,1,10
193820,1952,F,37,1,1,1,8
193828,7058,M,31,1,1,1,9
193832,4310,F,44,1,0,1,7
193835,1007,F,35,1,1,1,9
193837,626,F,21,1,1,1,7
193843,148,M,40,1,1,1,10
193844,3974,F,33,1,0,1,10
193846,1083,M,63,1,0,1,7
193850,597,F,19,1,1,1,5
193857,853,M,55,1,1,1,5
193860,861,F,37,1,1,1,5
193862,239,F,37,1,1,1,3
193868,1448,M,44,1,0,1,9
193871,652,F,51,1,1,1,9
194417,508,F,73,1,1,1,4
194428,2230,F,45,1,1,1,12
194445,12392,F,28,1,1,1,12
194452,4264,F,65,2,1,1,9
194454,11625,F,32,1,0,1,10
194455,8684,M,61,1,1,1,10
194462,8261,M,33,1,1,1,8
194464,12288,F,47,1,1,1,10
194466,3868,,,1,0,1,12
194469,12885,F,61,1,1,1,8
194470,13629,M,47,1,0,1,12
194471,1012,M,21,1,1,1,6
194475,13541,F,42,1,1,1,12
194477,10924,F,40,1,0,1,9
194485,4113,F,54,1,1,1,5
194486,12845,F,31,1,1,1,9
194487,2233,M,30,1,1,1,10
194488,2410,F,68,1,1,1,8
194493,2380,M,60,1,1,1,10
194494,5035,F,20,1,1,1,11
194498,5020,F,75,1,1,1,6
194504,702,M,29,1,1,1,6
194506,5264,F,33,1,0,1,12
194508,10368,F,68,1,0,1,12
194510,5521,F,37,1,0,1,10
194512,5050,F,37,1,0,1,12
194513,5899,F,63,1,0,1,11
194515,1004,F,17,1,1,1,11
194518,5253,M,15,1,1,1,9
194521,1315,F,31,1,1,1,7
194522,3217,F,48,1,1,1,8
194523,4504,M,48,1,1,1,9
194525,4617,F,51,1,0,1,11
194526,2113,F,42,1,1,1,8
194527,2547,F,22,1,1,1,7
194528,19516,F,23,1,1,1,12
194535,11165,F,66,1,1,1,10
194539,1257,M,23,2,1,1,2
194540,15313,M,70,1,0,1,12
194541,2197,F,55,1,0,1,10
194545,795,M,19,1,1,1,6
194550,1073,F,57,1,1,1,7
194551,14351,F,41,1,0,1,12
194552,1825,F,46,1,1,1,8
194555,5585,M,43,1,1,1,11
194561,10469,F,50,2,0,1,12
194563,1134,F,39,1,1,1,8
194567,1349,F,48,1,1,1,6
194571,3459,M,64,1,1,1,4
194572,22611,M,38,1,0,1,12
194576,2140,F,24,2,1,1,10
194577,8608,F,53,1,1,1,12
194588,6564,F,37,1,1,1,8
194591,4815,F,48,1,1,1,12
194601,2236,F,25,1,1,1,3
194611,11740,F,31,1,0,1,12
194615,815,F,33,2,1,1,7
194617,8056,F,33,2,1,1,10
194618,6662,F,59,2,1,1,9
194619,6154,F,38,1,1,1,12
194620,2526,M,26,1,1,1,9
194627,3033,M,44,1,1,1,11
194634,1659,F,33,1,1,1,5
194635,6764,F,26,1,1,1,10
194637,5978,M,55,1,0,1,7
194639,4368,M,29,1,1,1,7
194644,15567,M,29,1,0,1,11
194652,516,F,37,1,1,1,9
194655,634,F,26,1,1,1,7
194657,3579,F,20,2,1,1,12
194658,1554,F,40,1,1,1,7
194659,12709,M,45,1,0,1,11
194664,14360,F,39,1,0,1,12
194666,6124,M,28,1,0,1,12
194667,1265,F,24,1,1,1,8
194668,7589,M,26,1,0,1,10
194673,1856,F,32,1,1,1,8
194675,8349,F,26,1,1,1,9
194685,7809,F,37,1,1,1,12
194687,9947,M,22,1,1,1,9
194688,8074,M,55,1,0,1,11
194690,11409,M,46,1,1,1,12
194691,7565,M,22,1,1,1,8
194692,10233,F,31,1,1,1,8
194693,9963,M,32,2,0,1,11
194696,6184,M,25,1,1,1,10
194697,7276,F,68,1,1,1,12
194699,15697,F,27,1,0,1,12
194706,13194,F,37,1,0,1,11
194710,3484,F,61,1,1,1,10
194711,2751,M,26,1,1,1,8
194720,3926,M,21,1,0,1,12
194721,4330,F,21,1,0,1,12
194724,10681,F,20,1,0,1,11
194727,5501,M,37,1,1,1,7
194731,3971,F,25,1,1,1,10
194732,3163,M,8,1,1,1,8
194735,1768,F,53,1,1,1,12
194737,8690,F,78,1,1,1,12
194738,1173,F,41,1,1,1,9
194739,982,F,57,1,1,1,9
194740,1435,F,38,1,1,1,12
194741,7802,F,70,1,1,1,11
194743,10655,M,21,1,0,1,12
194744,1848,F,47,1,0,1,4
194755,1824,M,31,1,1,1,4
194756,1968,F,38,1,1,1,8
194758,2753,F,51,1,1,1,7
194759,2617,F,28,1,1,1,9
194760,15798,M,39,1,0,1,12
194761,7889,F,30,1,0,1,12
194775,2857,F,25,1,1,1,12
194776,852,M,28,1,1,1,8
194780,6819,M,26,1,1,1,10
194782,3834,F,64,1,0,1,7
194784,10908,M,31,1,0,1,12
194786,8474,M,39,1,0,1,9
194790,4924,F,28,1,0,1,5
194792,2229,M,22,1,1,1,7
194793,601,F,21,1,1,1,5
194799,4924,F,40,1,1,1,11
194800,5608,M,28,1,1,1,6
194801,2047,M,24,1,0,1,4
194803,7201,F,32,1,1,1,12
194804,2573,F,69,1,0,1,10
194805,6315,M,24,1,1,1,10
194809,5229,M,62,1,0,1,11
194810,4210,F,63,1,0,1,11
194813,5026,F,47,1,0,1,12
194814,6826,M,66,1,0,1,12
194815,4693,F,60,1,1,1,10
194816,7827,F,58,1,0,1,12
194818,2402,M,55,1,1,1,12
194822,4398,F,66,1,1,1,10
194829,8966,F,56,1,1,1,11
194830,4749,M,23,2,1,1,10
194837,2729,F,49,2,1,1,10
194839,8078,M,59,2,1,1,8
194843,3895,F,42,2,1,1,11
194846,3490,F,24,1,1,1,7
194849,4976,F,45,1,1,1,12
194850,2686,M,46,1,1,1,10
194851,4652,M,19,1,1,1,10
194856,1535,F,23,1,1,1,9
194858,18929,F,32,1,0,1,12
194859,5387,F,33,1,1,1,10
194861,14953,M,24,1,0,1,12
194863,2596,F,22,1,1,1,9
194864,770,M,21,1,1,1,5
194866,4954,F,37,1,0,1,12
194868,3122,M,34,1,1,1,9
194871,5959,,,1,1,1,9
194875,1296,F,72,1,0,1,5
194878,3001,,,1,1,1,11
194880,4152,F,34,1,1,1,9
194883,3778,F,54,1,1,1,5
194885,3179,F,33,1,1,1,12
194886,3309,F,67,1,1,1,12
194887,4461,F,57,1,1,1,10
194892,4145,F,65,1,1,1,12
194893,2416,F,71,1,1,1,11
194894,1227,F,33,1,0,1,8
194895,13661,,,1,1,1,12
194898,5255,F,36,1,1,1,6
194901,7867,F,59,1,1,1,9
194905,92,,55,1,1,1,7
194906,160,,55,2,1,1,7
194911,6407,,55,2,0,1,8
194915,9842,F,25,1,0,1,11
194916,6908,F,57,1,1,1,9
194917,145,,55,1,1,1,8
194921,3879,F,57,1,1,1,9
194923,4607,F,47,1,1,1,12
194926,1534,M,23,1,1,1,10
194928,16761,F,34,1,1,1,11
194929,2505,M,32,1,1,1,3
194930,2782,F,59,1,1,1,3
194934,3893,M,67,1,1,1,10
194937,22142,F,40,1,0,1,12
194939,9165,F,28,1,1,1,12
194944,3904,F,32,1,0,1,5
194947,3191,F,58,1,1,1,7
194948,12884,M,33,1,1,1,11
194950,1420,,,1,1,1,11
194953,1646,F,26,1,1,1,4
194954,685,,55,1,1,1,3
194955,1611,,55,1,1,1,9
194958,2005,M,29,1,0,1,9
194966,1097,F,48,1,1,1,8
194967,1205,F,51,1,1,1,9
194970,4190,M,42,2,0,1,12
194972,3219,,55,1,0,1,9
194973,1610,,55,1,1,1,4
194975,434,,55,1,1,1,9
194978,4166,F,26,1,0,1,7
194979,3601,,55,1,0,1,12
194980,3040,,55,1,0,1,9
194982,274,F,61,1,1,1,9
194983,1718,,55,1,1,1,7
194984,706,F,52,1,1,1,10
194985,2455,F,48,1,0,1,10
194988,12885,,55,1,0,1,12
194992,926,F,64,1,0,1,8
194994,8565,,55,1,1,1,6
194995,9836,,55,1,1,1,10
194996,565,,55,1,1,1,9
194998,1343,,55,1,1,1,9
199503,4424,F,42,1,0,1,10
199505,1372,M,46,1,1,1,9
199516,3262,F,30,1,1,1,12
199534,379,M,32,2,1,1,4
199540,18466,F,51,1,1,1,11
199544,4301,F,75,1,1,1,9
199550,2505,F,51,1,1,1,5
199551,13136,F,45,1,0,1,12
199554,2949,F,19,3,1,1,11
199558,7914,F,21,1,1,1,12
199602,6536,F,36,1,1,1,11
199606,5455,M,35,1,1,1,10
199614,9298,F,23,1,0,1,12
199615,8621,M,38,1,1,1,11
199618,1932,F,29,1,1,1,8
199619,7440,M,51,1,0,1,12
199620,16133,M,44,1,0,1,12
199622,2066,F,33,1,0,1,11
199635,17377,F,50,1,0,1,12
199637,1597,F,38,1,0,1,3
199644,6481,M,48,1,0,1,11
199654,4769,F,56,1,1,1,12
199664,8457,F,36,1,0,1,12
199691,1685,F,59,1,1,1,8
199700,8723,F,67,1,1,1,12
199702,2313,F,50,1,1,1,11
199704,471,F,24,1,1,1,3
199706,9674,F,40,1,0,1,12
199708,4616,F,36,1,1,1,12
199710,3390,M,38,1,0,1,12
199711,1422,F,61,1,1,1,7
199712,4172,F,45,1,1,1,9
199714,5208,,,1,1,1,9
199715,1766,M,65,1,1,1,10
199720,8531,F,31,1,0,1,12
199729,6336,F,42,1,1,1,9
199732,19851,M,35,1,1,1,12
199738,5986,F,35,1,1,1,7
199739,8166,M,34,1,1,1,5
199744,5684,F,53,1,1,1,9
199746,11673,F,23,1,1,1,12
199749,5368,F,43,2,1,1,8
199752,6089,F,65,1,1,1,7
199755,348,F,33,1,1,1,4
199757,6369,M,57,1,0,1,12
199759,17246,F,55,1,0,1,12
199761,1849,F,76,1,1,1,10
199763,1998,F,40,1,1,1,12
199765,4766,M,29,1,1,1,12
199767,3914,F,39,1,1,1,11
199773,4386,F,43,1,0,1,12
199775,3465,F,41,1,1,1,12
199787,3874,F,33,1,1,1,7
199793,6060,F,41,1,1,1,12
199796,1908,F,71,1,1,1,10
199798,11442,F,36,1,0,1,12
199800,5130,F,25,1,1,1,9
199802,8576,F,20,1,1,1,11
199803,2653,F,28,1,1,1,7
199805,8029,F,24,1,0,1,12
199809,7482,F,36,1,0,1,12
199813,1806,F,72,1,1,1,10
199818,2090,M,28,1,1,1,5
199822,3277,F,68,1,1,1,11
199831,9505,F,35,2,1,1,6
199839,11380,F,21,2,1,1,12
199849,5788,F,11,1,1,1,6
199851,1103,F,29,2,1,1,7
199855,4040,F,23,1,1,1,8
199860,2859,F,39,1,1,1,9
199861,1771,F,77,1,1,1,7
199864,5263,F,29,1,1,1,11
199868,1479,F,22,1,1,1,5
199871,10177,F,40,1,1,1,12
199874,2839,F,30,1,1,1,10
199876,5800,,29,1,1,1,10
199879,1070,M,32,1,1,1,7
199883,9635,F,29,1,1,1,11
199886,4924,F,64,1,1,1,10
199888,1936,F,35,1,1,1,12
199890,8672,F,44,1,1,1,11
199891,2488,F,64,1,0,1,5
199893,1067,F,27,1,1,1,6
199898,9907,M,65,1,1,1,11
199905,4374,F,39,1,1,1,12
199907,12378,F,42,1,0,1,12
199910,8411,F,38,1,1,1,11
199913,10813,M,32,1,0,1,12
199914,9307,F,32,1,0,1,12
199916,9296,F,47,1,1,1,12
199918,1658,F,55,1,1,1,10
199920,7431,F,62,1,0,1,12
199921,949,M,66,1,1,1,5
199937,2265,F,30,1,0,1,5
199946,2313,M,29,1,0,1,7
199954,2984,F,21,1,1,1,7
199965,2158,M,25,1,0,1,11
199969,4516,F,35,1,0,1,9
199994,12899,M,35,1,0,1,10
200006,7672,F,32,1,0,1,11
200014,12184,M,32,1,0,1,11
200020,3453,F,31,1,0,1,12
200025,12129,F,29,1,1,1,11
200032,2925,F,60,1,1,1,11
200042,1060,F,34,1,1,1,4
200056,925,M,46,1,1,1,8
200058,19880,F,45,1,0,1,12
200060,11329,F,16,1,1,1,11
200668,5100,M,37,1,1,1,12
200669,3348,F,67,1,1,1,8
200676,1863,F,38,1,1,1,5
200681,3423,F,21,1,1,1,6
200702,5004,M,45,1,1,1,8
200713,5522,M,26,2,0,1,12
200721,2463,F,77,1,1,1,4
200746,1163,F,49,1,1,1,10
200747,8332,F,29,1,0,1,12
200754,6218,F,29,1,0,1,12
200755,6886,F,67,2,0,1,12
200768,5537,F,72,1,1,1,12
200791,1876,F,29,1,1,1,11
200796,12367,F,47,1,1,1,11
200811,6142,F,63,1,1,1,11
200822,595,F,47,1,1,1,4
200824,3769,F,57,1,1,1,11
200841,5022,F,65,1,1,1,11
200858,2153,F,72,1,1,1,12
200860,1194,F,23,1,1,1,5
200867,3249,F,49,1,1,1,11
200908,2219,F,31,1,1,1,8
200917,3256,F,37,1,1,1,12
200918,1637,M,52,1,1,1,9
200923,9718,F,66,1,1,1,12
200933,2112,F,41,1,1,1,4
200943,927,F,37,1,1,1,7
200951,3900,F,54,1,1,1,11
200955,3068,M,33,1,1,1,5
200965,7395,F,44,1,1,1,12
200974,2287,F,54,1,1,1,8
200982,6878,F,43,1,0,1,12
200983,7925,M,54,1,1,1,12
200986,5388,F,21,2,1,1,10
200993,1326,F,38,1,1,1,12
200997,11194,F,34,1,0,1,12
201000,11902,F,44,1,0,1,12
201032,17224,M,58,1,1,1,12
201033,2203,M,23,1,1,1,7
201037,2645,F,55,1,1,1,9
201054,9262,F,24,1,1,1,11
201072,5170,F,69,1,1,1,12
201087,932,F,46,1,1,1,6
201107,8049,F,43,1,0,1,11
201153,6640,M,32,1,1,1,8
201187,3038,M,32,1,1,1,9
201271,6996,F,18,1,1,1,11
201273,13012,F,59,1,0,1,12
201957,4145,F,61,1,1,1,9
202005,2792,F,88,1,1,1,10
202010,19462,F,33,1,1,1,12
202013,4396,F,23,1,1,1,10
202024,2780,M,29,1,1,1,7
202026,7499,M,49,1,0,1,12
202029,15724,F,57,1,0,1,12
202030,6235,F,67,1,1,1,11
202033,2066,F,60,1,1,1,7
202035,3867,,,1,1,1,11
202047,8501,F,49,1,1,1,12
202050,3848,F,38,1,1,1,9
202055,7387,F,39,1,1,1,10
202063,4580,F,16,1,1,1,10
202072,3023,F,65,1,1,1,11
202074,6138,F,19,1,1,1,10
202085,7932,F,60,1,0,1,12
202090,6146,F,55,2,0,1,12
202093,2134,F,42,1,1,1,11
202099,4763,F,64,1,0,1,11
202104,2594,M,36,1,1,1,6
202117,9921,M,28,1,0,1,12
202122,14520,M,33,2,1,1,5
202125,7487,F,55,2,1,1,12
202131,8772,F,72,1,1,1,12
202134,13245,F,73,1,0,1,11
202138,3147,M,29,1,1,1,12
202151,943,F,25,1,1,1,5
202153,1248,F,63,1,1,1,11
202164,1344,F,26,1,1,1,7
202170,18585,F,40,2,1,1,12
202179,2840,M,31,1,1,1,6
202180,12040,F,45,1,1,1,12
202182,9947,F,59,1,0,1,12
202186,1424,F,62,1,1,1,6
202188,829,M,27,1,1,1,4
202189,7053,F,39,1,1,1,9
202191,4260,F,28,2,1,1,11
202195,3611,F,52,1,1,1,11
202201,4114,F,37,1,1,1,6
202206,10302,F,28,1,1,1,10
202208,9781,F,22,1,0,1,12
202212,9513,M,25,1,0,1,12
202213,5372,F,24,1,0,1,9
202214,15458,F,27,1,0,1,12
202215,3288,M,31,1,1,1,7
202222,1605,F,22,1,1,1,5
202224,3957,F,55,1,1,1,5
202226,9433,F,27,1,0,1,12
202229,12277,F,56,1,1,1,12
202236,3446,F,70,1,1,1,9
202238,1959,F,64,1,1,1,6
202250,7265,M,36,1,1,1,12
202255,2354,M,29,1,1,1,7
202261,8028,F,57,1,1,1,10
202262,11100,F,27,1,0,1,12
202263,14289,M,27,1,0,1,11
202264,393,M,18,1,1,1,4
202267,1453,F,17,1,1,1,7
202269,2899,F,26,1,1,1,11
202275,11444,F,24,1,0,1,12
202277,9525,F,45,1,1,1,6
202285,12672,F,58,1,0,1,12
202286,2152,M,21,1,1,1,7
202287,11472,F,22,1,1,1,10
202288,5527,M,18,2,1,1,10
202291,1793,M,17,1,1,1,9
202292,6640,F,63,1,1,1,12
202297,1677,F,29,1,0,1,5
202300,10614,F,52,1,0,1,9
202301,3669,M,28,1,1,1,7
202302,4194,M,67,2,1,1,11
202304,11181,F,26,1,0,1,12
202310,14093,F,66,1,0,1,12
202315,2409,M,29,1,1,1,12
202316,1804,F,29,1,1,1,12
202318,2163,M,29,1,1,1,4
202328,5561,F,30,1,1,1,9
202329,7846,M,36,1,1,1,9
202330,4632,M,19,2,0,1,8
202331,5160,M,27,1,1,1,12
202341,1663,F,28,1,1,1,8
202345,12144,F,54,1,0,1,12
202346,3079,M,53,1,1,1,8
202348,14396,M,38,1,1,1,12
202349,1589,F,35,1,1,1,3
202350,443,F,66,1,1,1,5
202353,12985,M,29,1,0,1,12
202358,6875,F,70,1,0,1,12
202360,7155,F,45,1,1,1,11
202364,3360,F,37,1,1,1,11
202367,6598,F,38,1,1,1,12
202372,4447,M,57,1,0,1,8
202387,1210,F,27,1,1,1,4
202389,3167,F,53,1,1,1,7
202391,892,M,24,1,1,1,6
202395,18608,F,52,1,1,1,11
202406,3850,F,47,1,1,1,7
202416,14621,M,33,1,0,1,11
202419,11077,,54,1,1,1,11
202427,8392,F,39,1,0,1,12
202428,3843,F,26,1,0,1,12
202435,3723,,,1,1,1,11
202436,14746,F,26,1,0,1,12
202446,1383,M,37,1,1,1,5
202447,4864,F,47,1,1,1,10
202449,3969,M,23,1,0,1,10
202450,1178,F,21,1,1,1,6
202461,11748,F,49,1,0,1,12
202463,8319,F,20,1,1,1,9
202466,4394,F,40,1,1,1,8
202468,130,M,74,1,1,1,5
202473,1300,F,60,1,1,1,5
202483,5828,F,58,1,1,1,10
202485,2410,F,73,1,1,1,12
202487,4929,F,51,1,0,1,10
202489,12927,F,35,1,1,1,12
202495,6477,M,31,1,1,1,10
202503,6982,F,19,1,1,1,11
202511,1555,M,17,1,0,1,9
202515,4814,F,32,2,1,1,11
202520,9067,M,40,1,1,1,12
202524,4138,M,38,1,1,1,9
202526,3108,F,40,1,0,1,7
202534,6648,F,22,1,1,1,10
202537,3064,F,47,1,1,1,10
202539,8615,F,77,1,1,1,12
202548,383,F,20,1,1,1,7
202552,371,M,20,1,1,1,3
202559,1832,M,48,1,1,1,7
202575,8739,F,63,1,0,1,12
202581,1556,F,34,1,1,1,9
202590,5137,F,77,1,1,1,12
202592,6832,F,36,1,1,1,12
202604,6613,F,77,1,1,1,11
202608,3525,M,26,3,1,1,11
202610,7498,F,46,1,1,1,12
202614,3642,F,40,1,1,1,12
202620,3127,M,35,1,1,1,12
202626,13634,F,76,1,1,1,12
202912,3316,M,37,1,1,1,10
202913,527,M,18,1,1,1,4
202917,1396,F,30,1,1,1,6
202919,2256,M,23,1,1,1,5
202920,7665,M,25,1,0,1,12
202922,18307,F,53,1,0,1,12
202930,3107,F,41,1,1,1,12
202936,2442,F,20,1,1,1,12
202937,137,F,18,1,1,1,5
202938,6980,M,21,1,1,1,12
202940,1579,F,49,1,1,1,11
202942,5189,F,39,1,1,1,11
202943,17627,F,62,1,1,1,12
202951,6417,F,65,1,0,1,12
202963,1884,M,31,1,1,1,10
202964,1827,F,32,1,1,1,11
202969,3198,F,23,2,1,1,10
202971,19549,F,29,1,0,1,9
202973,1667,F,41,2,1,1,5
202974,2819,M,43,2,1,1,5
202976,4839,F,78,1,1,1,12
202984,1622,F,23,1,0,1,6
202987,15350,F,36,1,1,1,12
202990,6702,F,19,1,1,1,10
202997,2488,F,36,1,1,1,5
202998,4773,F,53,1,1,1,12
203004,4395,F,27,2,1,1,10
203008,1764,F,44,1,1,1,7
203029,1737,F,31,1,1,1,11
203030,15434,M,32,1,0,1,12
203035,2792,F,27,1,1,1,7
203056,1781,F,46,1,1,1,5
203063,13187,F,34,1,0,1,12
203071,9729,F,25,1,0,1,11
203240,3463,F,44,1,1,1,9
203769,1984,F,25,1,0,1,6
203776,12188,F,43,1,0,1,10
203778,1253,F,53,1,1,1,7
203779,6066,F,49,1,1,1,11
203787,507,M,42,1,1,1,4
203789,11801,F,44,2,1,1,10
203793,3558,M,23,1,1,1,9
203803,4190,F,25,2,1,1,8
203804,8274,F,47,1,1,1,11
203810,5613,F,20,1,1,1,10
203811,5924,M,21,2,1,1,11
203837,6337,F,45,1,1,1,9
203844,12037,F,28,1,1,1,12
203853,16334,F,37,1,0,1,12
203858,2042,F,67,1,1,1,8
203861,995,M,39,1,1,1,8
203880,21446,F,35,2,1,1,12
203900,5189,F,26,1,1,1,8
203920,9767,F,41,1,0,1,12
203947,2394,M,28,1,1,1,11
203968,2984,F,23,1,1,1,4
203973,4309,F,27,2,1,1,11
203979,1957,F,45,1,1,1,6
203980,2795,M,48,1,1,1,8
212708,2616,,,1,1,1,7
212720,16101,F,52,1,1,1,11
212722,4524,M,50,1,1,1,7
212728,2074,M,31,1,1,1,9
212743,9665,F,29,1,1,1,10
212745,1777,M,52,1,1,1,10
212750,3555,M,20,1,1,1,6
212752,16218,F,43,1,0,1,12
212753,6630,M,45,1,0,1,11
212760,3106,F,55,1,1,1,10
212761,1664,M,38,1,1,1,8
212765,1478,F,68,1,0,1,12
212773,2338,F,31,1,1,1,7
212775,4431,F,32,1,0,1,8
212777,10378,F,58,1,1,1,9
212778,6174,F,68,1,1,1,11
212781,9456,F,49,1,1,1,12
212784,6713,M,54,1,0,1,10
212785,2661,F,52,1,1,1,7
212786,5308,F,51,1,1,1,6
212788,775,F,54,1,1,1,5
212790,5269,F,50,1,1,1,12
212793,2856,F,66,1,1,1,8
212808,531,M,47,1,1,1,6
212811,1399,M,65,1,1,1,8
212814,3471,F,42,1,1,1,9
212815,3002,M,41,1,1,1,12
212821,1522,F,33,1,1,1,6
212823,912,F,33,1,1,1,4
212824,12661,F,28,1,1,1,11
212825,6405,M,22,1,0,1,10
212828,20074,F,32,1,1,1,12
212830,1276,F,43,1,1,1,5
212834,18335,F,42,1,1,1,12
212835,3500,F,37,1,0,1,6
212836,1730,F,52,1,1,1,7
212837,5197,M,60,1,1,1,7
212839,5807,F,29,1,1,1,9
212843,4119,F,44,1,1,1,11
212848,8495,F,40,1,1,1,7
212850,10091,F,60,1,0,1,11
212851,17113,F,51,1,0,1,12
212855,2813,M,69,1,1,1,10
212859,9138,F,52,1,1,1,12
212860,5477,F,61,1,1,1,8
212863,7502,F,41,1,1,1,11
212868,4756,F,61,1,1,1,9
212869,5496,M,35,1,1,1,6
212870,3257,F,32,1,1,1,5
212871,8239,F,67,1,0,1,11
212875,6932,F,73,1,1,1,11
212876,5526,F,41,1,1,1,10
212878,12550,F,47,2,1,1,12
212888,9073,F,59,1,0,1,12
212891,9071,F,81,1,1,1,7
212892,8554,F,34,1,1,1,10
212895,4796,F,32,1,1,1,9
212896,3529,F,53,1,1,1,8
212899,2886,F,56,1,1,1,6
212904,7863,F,78,1,1,1,10
212909,18851,,,1,1,1,10
212911,10103,F,55,1,0,1,12
212913,5873,F,34,1,1,1,9
212919,4324,F,74,1,1,1,11
212920,4165,F,41,1,1,1,11
212924,3388,M,22,1,1,1,9
212928,4076,F,43,1,1,1,6
212931,1471,M,44,1,1,1,5
212933,4107,F,31,1,1,1,6
212935,3102,F,54,1,1,1,5
212937,4678,F,64,1,0,1,11
212940,5371,M,43,1,0,1,11
212947,5685,F,47,1,1,1,9
212955,10122,F,29,1,1,1,11
212956,3581,F,50,1,1,1,11
212957,10057,F,30,1,1,1,12
212958,9109,M,34,1,1,1,11
212959,2635,M,62,1,1,1,11
212961,4410,M,45,2,1,1,7
212977,4585,M,28,1,0,1,9
212978,3469,F,28,1,1,1,10
212984,3806,F,54,1,0,1,9
212989,441,F,60,1,1,1,5
212995,1109,F,53,1,1,1,6
213003,1892,F,44,1,1,1,11
213004,4774,F,64,1,1,1,6
213005,5408,M,35,1,0,1,10
213008,1991,M,26,1,1,1,9
213011,1940,F,30,1,1,1,9
213013,3626,F,33,1,1,1,8
213015,4439,M,44,2,1,1,12
213016,5483,M,68,1,0,1,9
213017,77,F,32,1,1,1,3
213018,10726,F,50,1,1,1,12
213026,8542,M,22,1,0,1,10
213027,2195,F,20,1,1,1,4
213029,10837,F,42,2,1,1,11
213033,17401,M,33,1,0,1,9
213034,7198,F,53,1,1,1,12
213036,5883,F,18,1,0,1,9
213037,1137,F,19,1,1,1,7
213038,3696,F,33,1,1,1,10
213039,4228,M,32,1,1,1,9
213043,218,F,18,1,1,1,5
213049,2224,F,38,1,1,1,7
213053,5574,F,60,1,1,1,12
213054,1207,F,25,1,1,1,8
213057,7212,M,48,2,1,1,10
213058,5642,M,35,1,0,1,11
213060,9324,F,61,1,0,1,11
213062,2503,,,1,1,1,9
213068,7177,F,66,1,1,1,8
213069,2517,F,50,1,1,1,7
213072,16071,M,40,1,1,1,12
213075,2033,F,33,2,1,1,6
213081,5091,F,25,1,1,1,11
213086,4837,M,35,1,1,1,12
213087,5367,F,36,1,1,1,12
213091,14970,M,37,1,1,1,12
213093,3059,M,37,1,1,1,9
213096,1854,F,48,1,1,1,7
213098,633,F,30,1,1,1,6
213101,7107,F,37,1,0,1,12
213103,1215,F,54,1,1,1,5
213107,10424,F,21,1,1,1,11
213108,16203,M,22,1,1,1,10
213118,5144,F,37,1,1,1,9
213120,1643,M,5,1,1,1,8
213126,14985,F,32,1,0,1,11
213129,3032,F,59,1,1,1,12
213136,6603,F,53,1,1,1,9
213142,2607,F,41,1,1,1,8
213143,9972,F,41,1,1,1,12
213145,6801,F,61,1,0,1,11
213152,16698,F,55,1,0,1,12
213153,10158,F,28,1,1,1,10
213154,6182,F,55,1,1,1,8
213157,3100,F,61,1,1,1,7
213160,4611,F,26,1,1,1,8
213163,3907,F,38,1,0,1,12
213167,10268,F,26,1,1,1,12
213168,636,F,24,1,1,1,6
213171,1551,F,41,1,1,1,6
213180,8148,F,1,1,1,1,12
213181,5890,F,66,1,1,1,9
213182,8536,F,31,1,1,1,10
213192,12461,F,65,1,0,1,12
213194,1123,F,31,1,1,1,6
213197,6336,F,39,1,0,1,12
213199,3502,F,48,1,1,1,10
213200,631,F,18,1,1,1,6
213203,903,M,22,1,1,1,7
213204,254,F,19,1,0,0,5
213205,3934,F,26,1,1,1,11
213206,12224,F,53,1,0,1,12
213209,9749,M,24,1,1,1,12
213210,1636,F,24,1,1,1,7
213213,9734,F,59,1,1,1,10
213216,7643,F,71,1,1,1,12
213227,6187,F,55,1,1,1,11
213231,12422,F,57,1,1,1,12
213233,2564,F,45,1,1,1,4
213238,8026,M,52,1,1,1,9
213239,3067,M,56,1,1,1,7
213240,1991,F,71,1,1,1,11
213243,11582,F,63,1,1,1,12
213245,1716,F,45,1,1,1,8
213251,1581,F,28,1,1,1,12
213254,7471,F,43,1,0,1,12
213255,7530,M,48,1,1,1,12
213256,8281,F,34,2,0,1,11
213257,5021,M,42,1,0,1,8
213258,4108,M,24,1,1,1,8
213259,20424,M,29,1,1,1,11
213261,17011,M,44,1,1,1,8
213268,2266,M,48,1,1,1,7
213291,16507,F,47,1,1,1,12
213292,4287,F,68,1,1,1,11
213293,2085,F,41,1,1,1,11
213309,10716,F,24,1,1,1,11
213311,9086,F,45,1,0,1,11
213319,4037,F,52,1,1,1,9
213321,3502,F,54,1,1,1,12
213325,8401,F,62,1,1,1,11
213327,461,M,66,1,1,1,9
213329,10264,F,61,1,1,1,12
213330,9730,F,39,1,0,1,12
213335,885,M,53,1,1,1,3
213338,8043,F,31,1,1,1,11
213339,4859,M,51,1,1,1,9
213340,8088,M,29,1,1,1,7
213342,4872,F,36,1,1,1,8
213347,22736,M,51,1,0,1,12
213352,7657,M,26,1,0,1,11
213353,2305,F,23,1,0,1,9
213357,4666,F,57,1,1,1,12
213360,16889,M,29,1,0,1,12
213361,2508,F,29,1,1,1,6
213364,15191,M,30,1,1,1,9
213389,781,F,23,1,1,1,2
213390,14692,F,57,1,1,1,11
213394,6116,F,45,1,1,1,6
213419,1895,F,56,1,1,1,7
213433,3552,F,29,1,1,1,11
213435,8415,M,66,1,0,1,12
216579,5813,F,61,1,1,1,10
216580,2258,F,29,1,1,1,8
216585,3575,M,30,1,1,1,6
216586,6681,F,29,1,1,1,10
216588,2242,,24,1,1,1,6
216594,7300,M,53,2,0,1,12
216597,4144,F,32,1,1,1,12
216601,346,M,55,1,1,1,3
216604,368,F,43,1,1,1,3
216610,4821,F,23,2,1,1,9
216615,17988,M,24,1,1,1,11
216616,4049,F,31,1,1,1,9
216617,20335,M,34,1,0,1,12
216621,7811,F,51,2,1,1,11
216624,21158,M,45,1,0,1,12
216626,1904,F,39,1,1,1,6
216627,2167,F,40,1,1,1,5
216628,3920,F,56,1,1,1,9
216630,2987,F,72,1,1,1,11
216631,2387,F,32,1,1,1,8
216632,560,F,55,1,1,1,5
216637,955,F,46,1,1,1,4
216638,6449,F,75,1,1,1,10
216640,3623,F,48,1,1,1,10
216647,7307,F,20,1,0,1,10
216654,1820,F,48,1,1,1,5
216656,7568,M,44,1,1,1,8
216658,6560,F,33,1,1,1,10
216661,3254,M,49,1,1,1,8
216663,575,F,23,1,1,1,2
216666,1058,F,38,1,1,1,8
216668,6855,F,52,1,1,1,12
216677,3087,M,38,1,1,1,6
216681,2374,M,47,1,0,1,8
216682,3198,M,36,1,0,1,11
216693,8204,F,41,1,0,1,10
216707,2326,F,55,1,1,1,6
216708,7195,M,41,1,1,1,11
216709,8393,M,57,1,1,1,9
216717,12330,F,58,1,0,1,11
216719,3390,M,56,2,0,1,8
216736,4409,F,38,1,1,1,8
216744,5577,F,33,2,0,1,9
216745,6323,F,40,1,1,1,8
216750,1588,F,67,1,1,1,9
216752,11860,F,72,1,0,1,12
216756,3383,F,39,1,1,1,9
216757,588,M,44,1,1,1,3
216761,4772,M,47,1,1,1,10
216765,7992,F,27,1,1,1,10
216767,3050,F,49,1,1,1,8
216769,13644,F,51,1,1,1,11
216771,3769,F,60,1,0,1,8
216772,2541,F,43,1,1,1,7
216773,3151,F,57,1,1,1,9
216777,11677,F,67,2,1,1,10
216788,9244,F,35,1,0,1,12
216791,6115,M,40,1,1,1,6
216792,7119,F,63,1,1,1,6
216797,8123,F,37,1,0,1,8
216800,1064,F,55,1,1,1,7
216802,1461,M,44,1,1,1,9
216805,6626,F,44,1,1,1,8
216807,4876,M,45,1,1,1,11
216809,7149,F,64,1,1,1,11
216810,7258,F,60,1,1,1,11
216815,3926,F,29,2,1,1,6
216817,1528,F,33,1,1,1,4
216826,1312,M,33,1,1,1,11
216827,4555,F,58,1,0,1,10
216828,18894,F,59,1,0,1,10
216831,7762,M,65,1,1,1,10
216832,8676,M,71,1,0,1,11
216834,3639,F,33,1,1,1,5
216840,10971,M,48,1,1,1,10
216842,13094,M,40,1,0,1,11
216845,17247,M,33,1,0,1,12
216847,16784,F,51,1,1,1,11
216850,8503,M,38,1,1,1,12
216853,10153,F,38,1,1,1,11
216862,1171,F,67,1,1,1,8
216866,2310,F,54,1,1,1,5
216868,10156,F,50,2,1,1,9
216869,5180,F,54,2,0,1,9
216878,6658,M,41,1,1,1,8
216879,2068,F,66,1,1,1,8
216882,2047,M,33,1,1,1,8
216885,10525,M,41,1,0,1,12
216887,1754,M,38,1,1,1,6
216898,803,F,38,1,1,1,6
216905,3416,F,56,1,1,1,7
216906,1885,M,27,1,1,1,4
216909,3473,M,11,1,1,1,9
216910,9644,F,67,1,0,1,12
216911,2520,F,45,1,1,1,9
216913,12115,F,32,1,0,1,11
216915,2099,F,39,1,1,1,10
216916,1924,F,63,1,1,1,5
216917,4685,F,64,1,1,1,9
216918,2136,,,1,1,1,8
216920,3123,,,1,1,1,9
216923,8005,F,37,1,0,1,12
216927,4247,F,34,1,0,1,11
216929,1387,F,26,1,0,1,8
216930,3935,M,53,1,1,1,11
216932,2206,F,44,1,1,1,8
216933,5431,F,68,1,0,1,10
216934,6212,,,1,1,1,8
216936,6515,F,54,1,1,1,10
216938,4888,F,22,1,1,1,10
216941,6991,M,43,1,1,1,11
216942,3304,F,40,1,1,1,10
216946,19445,F,54,1,0,1,11
216948,7306,F,58,1,1,1,11
216952,5115,M,48,1,1,1,10
216956,4881,F,44,1,0,1,8
216958,70,F,42,1,1,1,3
216959,6798,F,22,1,1,1,11
216971,189,M,31,1,1,1,8
216975,1071,F,27,1,1,1,9
216978,6256,M,33,1,0,1,11
216981,1661,M,45,2,0,1,11
216985,631,,55,1,1,1,6
216986,2024,M,27,1,0,1,11
216988,4390,,55,1,1,1,8
216992,6153,,55,1,0,1,12
216993,1138,,55,1,0,1,4
216994,1184,F,53,1,1,1,6
216995,1673,,,1,1,1,8
216996,2608,F,26,1,1,1,8
216997,5703,F,27,1,1,1,8
216999,15255,F,48,1,0,1,11
217001,665,M,28,1,1,1,7
217003,1460,M,19,1,1,1,9
217004,5148,F,22,2,0,1,11
217005,1022,M,39,1,1,1,10
217010,130,M,22,1,1,1,6
217012,283,M,20,1,1,1,4
217018,1391,M,18,1,1,1,8
217022,2027,F,20,1,0,1,11
217026,280,M,22,1,1,1,6
217028,10047,F,30,1,0,1,12
217030,7838,F,20,1,1,1,7
217031,421,F,20,1,1,1,3
217032,189,M,19,1,1,1,6
217037,380,,55,1,1,1,5
217041,16121,F,33,1,0,1,11
217043,695,F,22,1,1,1,8
217045,742,,,1,1,1,6
217046,1274,F,48,1,0,1,8
217048,8545,,55,1,1,1,8
222599,4933,F,32,1,1,1,10
226501,3541,M,56,1,1,1,11
226503,9529,M,31,1,1,1,11
226505,1348,F,22,1,1,1,7
227597,2617,F,27,1,1,1,7
227643,4852,F,61,1,1,1,11
227655,1679,M,69,1,0,1,5
227661,6796,F,41,1,1,1,11
227662,5447,F,32,1,0,1,10
227667,7898,F,51,1,0,1,9
227673,1665,M,27,1,0,1,6
227676,7312,F,42,1,1,1,10
227677,11670,M,53,1,1,1,11
227698,4301,M,33,1,1,1,8
227757,11437,,,1,1,1,11
227760,10791,M,38,1,1,1,11
227771,9748,F,54,1,1,1,11
227776,4671,F,56,1,1,1,7
227818,2405,F,23,1,1,1,5
227820,3084,F,36,1,0,1,10
227883,1952,M,37,1,0,1,8
227884,12309,F,36,1,1,1,10
227898,6813,F,45,1,1,1,11
227899,21485,M,65,1,1,1,7
227905,795,F,45,1,0,1,6
227915,3640,F,68,1,1,1,11
227930,1944,F,28,1,1,1,10
227936,4973,M,23,1,1,1,8
227994,1086,M,47,1,0,1,8
228028,5874,F,20,1,0,1,9
228673,4137,F,47,1,0,1,9
228674,2831,F,28,1,1,1,11
228683,13663,F,22,1,1,1,11
228684,2368,F,51,1,1,1,10
228686,12362,M,33,1,1,1,10
228691,12735,F,69,1,1,1,11
228692,7326,M,25,1,1,1,10
228694,2433,M,40,1,1,1,11
228696,18788,F,46,1,1,1,11
228699,1089,M,19,2,1,1,8
228714,816,M,37,1,0,1,5
228717,4349,M,52,1,0,1,9
228718,4670,F,42,1,1,1,9
228721,14212,F,47,1,1,1,11
228724,1348,F,55,1,1,1,6
228725,2636,M,57,1,1,1,9
228727,4514,F,41,1,1,1,11
228730,7165,F,62,1,1,1,7
228741,2916,F,28,1,1,1,7
228743,3040,M,21,1,0,1,7
228747,1769,F,36,1,1,1,7
228750,2620,M,50,1,1,1,9
228754,4237,M,42,2,1,1,10
228760,5772,M,25,1,1,1,11
228763,9077,M,46,1,1,1,10
228767,1899,F,39,1,1,1,5
228768,4781,M,43,1,1,1,10
228769,4776,M,27,1,1,1,10
228771,1026,F,26,1,0,1,8
228773,3650,M,29,1,0,1,7
228782,5057,F,31,2,0,1,7
228785,2831,M,43,2,1,1,9
228786,1280,F,42,1,0,1,3
228789,9586,F,63,1,1,1,11
228791,3772,F,46,1,0,1,10
228792,3756,M,45,2,1,1,8
228805,9270,M,30,1,1,1,11
228837,10622,M,34,1,1,1,12
228838,1190,F,44,1,0,1,10
228840,3037,F,54,1,1,1,9
228843,6697,,,1,1,1,11
228846,3975,M,63,1,0,1,8
228849,2937,F,38,1,1,1,7
228854,2301,F,52,1,1,1,9
228866,3868,F,64,1,1,1,11
228869,4252,F,52,1,1,1,8
228870,2644,M,53,1,1,1,11
228871,7681,F,32,1,1,1,12
228878,878,F,31,1,0,1,6
228886,1476,F,24,1,0,1,9
228887,969,F,42,1,1,1,8
228888,11153,F,54,1,0,1,9
228890,1594,F,53,1,0,1,5
228893,4290,F,79,1,1,1,11
228896,3893,F,56,1,1,1,11
228900,1922,F,18,2,0,1,8
228901,2186,M,30,1,1,1,9
228903,8514,M,28,1,1,1,12
228904,4374,F,28,1,1,1,10
228905,7695,F,28,1,1,1,10
228906,2116,M,37,1,1,1,6
228908,10044,M,31,1,1,1,11
228912,7774,F,55,1,1,1,11
228915,1735,F,12,1,0,1,8
228918,5918,F,56,1,1,1,11
228921,1191,M,22,1,0,1,5
228923,1917,M,22,1,1,1,8
228927,4119,F,29,1,1,1,11
228930,7774,F,32,1,1,1,11
228946,4940,F,26,1,1,1,10
228951,16303,F,61,1,1,1,10
228952,1956,F,25,1,1,1,8
228955,5433,F,27,1,1,1,10
228960,15021,M,75,1,1,1,11
228962,8612,M,46,1,1,1,11
228967,7571,,,1,1,1,11
228968,712,M,35,2,1,1,5
228972,2933,F,15,1,0,1,5
228973,6231,F,37,1,0,1,8
228978,21580,F,58,1,1,1,11
228981,19348,F,63,1,1,1,11
228987,4150,F,58,1,1,1,11
228990,3610,M,34,1,0,1,6
228992,1992,F,69,1,0,1,3
228993,1499,M,20,1,0,1,9
228994,15864,M,42,1,1,1,11
228997,1538,F,40,1,1,1,6
228998,1468,M,39,1,1,1,9
228999,8723,F,40,1,1,1,11
229012,15336,M,38,2,1,1,11
229032,8906,M,59,1,1,1,11
229057,4285,F,36,1,1,1,7
229076,5570,F,28,1,1,1,11
229092,5308,M,20,1,1,1,8
229096,2244,F,18,1,0,1,7
229101,837,F,65,1,0,1,8
229120,22309,F,27,1,1,1,10
229151,2103,M,26,1,1,1,6
229158,1037,F,40,1,0,1,6
229159,5700,F,69,1,1,1,11
229168,1190,M,59,1,0,1,7
229172,6636,M,66,1,1,1,10
229193,1106,F,58,1,1,1,10
229216,859,F,27,1,1,1,7
229249,3342,F,76,1,0,1,9
229250,5002,F,57,1,1,1,11
232605,3894,M,41,1,0,1,5
232648,6637,F,70,1,1,1,11
232651,3776,M,47,1,0,1,5
232714,3233,M,35,1,1,1,11
232743,12598,M,27,1,1,1,11
232751,3752,F,23,1,0,1,7
232755,677,M,54,1,0,1,5
232756,15239,F,54,1,1,1,10
232771,2260,F,40,1,0,1,8
232778,5238,F,17,1,1,1,11
232779,4207,M,26,1,1,1,9
232780,1967,F,42,1,0,1,9
232797,2799,F,47,1,0,1,9
232800,5046,F,29,1,1,1,7
232813,16652,,45,1,1,1,12
232834,11752,M,25,1,1,1,11
232835,3335,F,21,1,1,1,7
232881,3160,M,49,1,1,1,10
232914,1719,M,24,1,1,1,3
232924,2352,F,50,1,1,1,11
232942,3601,F,57,1,0,1,7
232954,3001,M,28,1,0,1,6
233007,3870,F,23,1,1,1,10
233017,5899,F,66,1,1,1,11
233049,13222,F,58,1,1,1,11
233055,8284,F,27,1,1,1,12
233057,5003,F,74,1,0,1,9
233065,2197,F,30,1,1,1,5
233106,1996,F,30,1,0,1,6
233107,6068,F,73,1,1,1,11
233109,2752,F,43,1,1,1,8
233122,2751,F,66,1,1,1,11
233150,6209,F,27,1,1,1,11
233218,6919,F,29,1,1,1,10
233220,15310,M,31,2,1,1,10
233249,1156,M,42,1,1,1,6
233277,2776,M,31,1,0,1,11
233367,4881,M,32,1,1,1,11
233399,2218,M,71,1,0,1,4
233403,12274,F,66,1,1,1,9
233407,3362,F,78,1,0,1,6
233409,2004,F,1,1,0,1,3
233419,2303,F,66,1,0,1,6
233431,6050,F,52,1,1,1,11
233440,12534,F,30,1,1,1,10
233444,1258,F,63,1,1,1,7
233448,20155,F,23,1,1,1,10
233463,8957,F,47,1,1,1,9
233464,16792,F,38,1,1,1,11
233515,2068,F,18,1,1,1,10
233541,2234,F,23,1,1,1,10
233611,1259,F,65,1,0,1,7
233640,13185,M,23,1,1,1,10
233679,1361,M,26,1,1,1,9
233687,7592,F,30,1,1,1,11
233700,2099,F,73,1,1,1,11
233702,21479,F,26,1,0,1,10
233721,7647,F,33,1,1,1,11
233726,1688,F,64,1,1,1,11
233771,2440,M,43,1,0,1,8
233772,4956,F,67,1,1,1,11
233841,1473,F,31,1,1,1,3
233871,11772,F,23,1,1,1,11
233872,5226,F,1,1,1,1,7
233877,7459,F,37,1,1,1,11
233918,5578,F,35,1,1,1,8
233945,4560,M,56,1,1,1,10
234021,6973,F,74,1,1,1,10
234032,944,F,21,1,0,1,9
234066,12181,M,31,1,1,1,8
234071,3111,F,25,1,1,1,9
234081,4375,M,43,1,1,1,11
234940,6716,F,26,1,1,1,11
235006,706,F,60,1,0,1,5
235011,4289,F,22,1,1,1,11
235012,4952,M,22,1,0,1,9
235015,6613,F,29,1,0,1,10
235016,1355,F,67,1,1,1,11
235017,2126,M,71,1,1,1,9
235019,2323,F,34,1,1,1,9
235025,9883,F,33,1,0,1,10
235026,1615,F,56,1,1,1,3
235029,3769,F,19,1,1,1,8
235034,1065,F,58,1,0,1,6
235038,1112,F,37,1,1,1,5
235039,9101,F,34,1,1,1,11
235040,1421,M,48,1,0,1,8
235041,1180,F,31,1,1,1,3
235047,9842,F,41,1,1,1,11
235049,12014,,,1,0,1,9
235052,704,F,51,1,1,1,10
235054,9569,F,52,1,1,1,11
235057,2638,F,29,1,1,1,9
235059,1053,F,26,1,1,1,3
235060,429,M,28,1,0,1,4
235061,15927,,,1,1,1,11
235062,7863,F,72,1,1,1,11
235063,14588,F,35,1,1,1,11
235065,3014,F,71,1,1,1,11
235067,5770,F,57,1,1,1,11
235069,2759,F,58,1,1,1,10
235072,5340,F,67,1,0,1,7
235075,4615,F,38,1,0,1,8
235076,1535,F,18,1,0,1,5
235077,21231,F,53,1,1,1,11
235078,4149,,,1,0,1,7
235079,5704,F,43,1,1,1,11
235081,12660,F,53,1,1,1,11
235085,6532,F,59,1,1,1,11
235086,1162,F,40,1,1,1,9
235098,6993,F,39,1,1,1,11
235101,5209,M,41,1,1,1,9
235102,4902,F,55,1,1,1,11
235105,1973,F,46,1,0,1,8
235106,2930,F,65,1,1,1,10
235107,6659,F,41,1,1,1,11
235108,6870,F,34,1,1,1,11
235110,3987,M,65,1,1,1,11
235115,6117,F,45,1,1,1,11
235117,3676,F,56,1,1,1,11
235120,2314,F,25,1,1,1,8
235121,3566,F,26,1,0,1,10
235122,594,M,27,1,0,1,6
235124,8936,F,75,1,1,1,11
235125,11237,F,39,1,1,1,9
235126,11943,F,36,1,1,1,11
235130,12076,M,53,2,1,1,8
235133,6017,F,49,1,1,1,11
235134,9539,F,46,1,1,1,11
235137,5388,M,37,1,1,1,11
235142,5353,F,35,1,1,1,11
235143,7489,F,22,1,1,1,11
235148,4086,F,38,2,1,1,11
235150,13368,M,41,1,1,1,11
235152,5199,F,42,1,1,1,11
235155,4738,F,61,1,1,1,11
235156,2469,F,24,1,1,1,10
235157,854,M,23,1,1,1,9
235159,5082,F,53,1,1,1,10
235161,5434,F,40,1,1,1,11
235164,8631,M,38,1,1,1,9
235171,4648,F,55,1,1,1,11
235176,13235,F,39,1,1,1,12
235177,8109,M,33,1,1,1,10
235183,3638,M,63,1,0,1,10
235185,1860,F,23,1,0,1,8
235187,6806,F,64,1,1,1,10
235193,3937,F,44,1,1,1,10
235194,4147,F,26,1,0,1,11
235195,9932,F,68,1,1,1,10
235199,14275,F,35,1,1,1,10
235204,2963,F,42,1,1,1,6
235205,7921,F,21,1,1,1,9
235207,8584,F,55,1,1,1,8
235208,10662,F,42,1,1,1,9
235212,3423,F,50,1,1,1,6
235215,5683,F,77,1,1,1,11
235219,9529,F,61,1,1,1,11
235220,9957,F,68,1,1,1,10
235222,9315,M,43,1,1,1,8
235223,5111,M,38,1,0,1,9
235227,20337,M,45,1,1,1,10
235230,1450,F,24,2,1,1,6
235231,161,M,33,1,0,0,8
235232,11395,M,56,1,1,1,11
235234,5183,F,32,1,1,1,7
235238,2478,F,29,1,1,1,8
235242,6054,F,39,1,1,1,7
235247,10948,M,47,2,1,1,10
235253,3220,F,63,1,0,1,11
235254,1355,M,57,1,1,1,5
235255,12807,F,51,1,1,1,11
235256,5459,F,43,1,1,1,11
235268,6165,M,30,1,1,1,11
235269,12781,F,24,1,1,1,11
235271,12399,M,28,1,1,1,11
235275,2946,F,19,1,0,1,9
235277,9267,F,31,1,1,1,11
235280,2360,F,33,1,0,1,8
235281,12139,F,23,1,1,1,11
235288,1860,F,30,1,0,1,5
235291,2519,F,25,1,1,1,11
235293,5662,F,61,1,0,1,11
235294,9702,F,28,1,1,1,11
235299,2277,M,47,1,0,1,8
235302,9417,F,35,1,1,1,11
235304,8830,F,43,1,1,1,10
235309,13809,M,20,1,1,1,12
235311,10886,F,37,1,1,1,10
235313,9801,F,29,1,1,1,11
235314,938,M,52,2,0,1,8
235315,11654,F,52,1,1,1,11
235317,1713,F,41,1,0,1,7
235319,1736,F,29,1,1,1,10
235321,5957,M,55,1,1,1,9
235331,11734,M,29,1,1,1,11
235333,1074,F,55,1,0,1,6
235335,10485,M,43,2,1,1,10
235341,4877,F,55,1,1,1,5
235345,4130,M,22,1,0,1,10
235347,3671,F,49,1,1,1,6
235350,8037,F,1,1,1,1,7
235351,5001,M,27,1,1,1,10
235352,2993,M,32,3,1,1,12
235353,4989,F,30,2,1,1,11
235356,4897,F,55,2,0,1,9
235358,19450,F,45,1,1,1,11
235362,5676,M,36,1,1,1,10
235368,18558,F,32,3,1,1,11
235377,7382,F,60,1,0,1,8
235379,4058,M,22,1,0,1,6
235387,2149,F,42,1,1,1,4
235390,6657,M,46,1,1,1,9
235394,3149,F,25,1,1,1,9
235399,9499,F,37,1,1,1,11
235401,8321,M,33,1,0,1,6
235403,8501,F,49,2,1,1,12
235404,2032,F,35,1,1,1,9
235407,3919,F,51,2,1,1,6
235410,12002,F,54,1,0,1,12
235411,6552,F,30,1,1,1,10
235414,19168,F,51,1,1,1,11
235417,1804,F,66,1,0,1,3
235418,4268,F,44,1,0,1,7
235420,2966,F,60,1,1,1,7
235423,2299,F,63,1,0,1,10
235424,13144,M,55,1,1,1,11
235430,3345,F,41,1,1,1,11
235434,19766,F,44,1,1,1,10
235436,5934,F,56,1,0,1,11
235444,7139,F,55,1,1,1,11
235447,12039,F,35,1,1,1,11
235449,5272,F,19,1,1,1,9
235450,3669,M,20,1,0,1,9
235451,4864,M,23,1,1,1,12
235452,8541,F,25,1,1,1,11
235455,908,F,35,1,1,1,6
235463,5256,F,24,1,1,1,11
235464,754,M,39,1,0,1,3
235466,2439,F,26,1,0,1,6
235469,5680,F,55,1,1,1,5
235472,5605,F,25,1,1,1,7
235486,7221,F,55,1,1,1,10
235487,6079,M,28,1,1,1,10
235490,1302,M,32,1,0,1,7
235495,4171,F,66,1,1,1,9
235536,1125,F,38,1,0,1,6
235545,7087,F,30,1,1,1,10
235546,12958,M,30,2,1,1,11
235568,5588,F,70,1,0,1,6
235570,4651,M,32,1,1,1,8
235606,8557,M,23,1,0,1,9
235609,1000,F,44,1,0,1,6
235613,5779,F,47,2,1,1,8
235634,7894,M,27,1,1,1,11
235635,2143,,55,1,1,1,9
235665,8168,F,73,2,1,1,7
236088,7489,F,42,1,1,1,10
236109,17228,M,30,1,1,1,9
236120,15437,F,44,1,1,1,11
236159,983,F,39,1,0,1,7
236170,11223,F,31,1,1,1,10
236180,1727,F,55,1,0,1,8
236271,1955,F,57,1,0,1,6
236288,8283,F,25,1,1,1,11
236291,517,F,32,1,1,1,5
236304,8469,,,1,0,1,10
236314,8664,F,47,2,1,1,9
236332,7110,M,28,1,1,1,6
236353,7137,M,41,1,1,1,10
236374,13130,M,46,1,1,1,10
236378,15367,M,28,1,1,1,11
236399,8058,F,41,1,1,1,10
236409,2180,F,50,1,0,1,9
236426,8976,M,24,1,1,1,11
236448,381,M,50,1,0,1,4
237070,4719,M,53,1,1,1,9
237078,2632,M,43,1,1,1,8
237087,1167,F,58,1,1,1,9
237144,10402,M,33,2,1,1,11
237163,11438,F,53,1,1,1,10
237180,159,M,23,1,1,1,4
237212,959,M,55,1,0,1,9
237342,9981,F,30,1,1,1,11
237343,5067,M,58,1,1,1,11
237357,4640,F,43,1,1,1,11
237380,816,F,37,1,0,1,8
237385,8622,M,31,1,1,1,10
238591,5630,F,44,1,0,1,8
239018,6510,M,37,1,1,1,12
244617,5350,F,32,1,1,1,11
244665,5443,M,29,1,1,1,11
244667,3201,F,70,1,1,1,10
244670,3098,M,24,1,0,1,8
244697,13566,F,46,1,1,1,10
244711,7952,F,40,1,1,1,10
244730,375,M,37,1,0,1,7
244763,9729,F,54,1,1,1,9
244783,5902,F,47,1,1,1,10
244829,882,F,38,1,1,1,7
244833,9777,F,35,1,1,1,11
244852,2006,F,37,1,1,1,9
244855,3690,F,42,1,0,1,9
244872,3965,F,26,1,1,1,9
244875,13093,M,47,1,1,1,9
244978,2808,F,16,1,1,1,9
244979,2957,F,48,1,1,1,11
260528,1972,M,33,1,0,1,6
260559,12342,M,36,1,0,1,10
260699,6202,M,33,1,1,1,7
260726,3400,M,33,2,0,1,7
260728,6551,F,43,1,1,1,10
260731,6277,F,44,1,1,1,10
260732,2768,F,41,1,0,1,10
260797,5115,F,21,1,0,1,9
260798,1028,M,44,1,0,1,9
260805,2858,F,27,1,1,1,7
260810,7826,F,42,1,1,1,11
260857,4742,M,36,1,1,1,6
260872,2525,F,66,1,0,1,7
260910,8302,F,57,1,1,1,10
260949,3571,F,24,1,1,1,6
260953,3604,F,24,1,0,1,6
260972,2490,M,27,1,0,1,6
260985,3025,F,45,1,0,1,9
261010,10976,F,50,1,1,1,10
261014,1989,F,49,1,0,1,8
261110,1765,F,41,1,0,1,8
261123,4857,F,28,1,0,1,7
261161,6420,M,72,1,1,1,11
261171,2347,M,25,1,1,1,10
261197,330,F,30,1,0,1,5
261227,2080,F,31,1,1,1,8
261243,570,M,19,1,0,1,6
261244,1977,F,47,1,1,1,9
261247,17364,F,53,1,1,1,10
261272,899,F,27,1,0,1,5
261282,3575,F,62,1,1,1,10
261327,10841,F,36,1,0,1,8
261329,12261,M,60,1,1,1,6
261345,1330,F,66,1,0,1,10
261360,4625,F,35,1,1,1,10
261389,4515,,,1,0,1,6
261407,794,F,17,1,0,1,6
261493,3912,F,31,1,0,1,8
261511,7499,M,28,1,0,1,9
261520,4270,M,39,1,1,1,9
261598,472,F,50,1,0,1,4
263595,1782,M,63,1,0,1,6
263599,3273,M,62,1,1,1,10
263617,686,F,38,1,0,1,3
263643,14182,M,65,1,1,1,10
263657,10485,F,30,1,0,1,10
263659,7256,F,32,2,0,1,8
263694,5066,F,43,1,1,1,8
263734,11705,M,55,1,1,1,9
263783,3684,M,43,1,0,1,10
263830,6552,M,31,1,0,1,9
263834,15742,F,22,1,0,1,11
263851,2772,F,56,1,0,1,7
263862,5497,M,42,1,0,1,5
264820,1031,M,58,1,1,1,6
264829,423,F,59,1,0,1,3
264830,8377,M,66,1,0,1,9
264831,6234,F,65,1,1,1,10
264836,16593,F,52,1,1,1,10
264840,1857,F,24,1,0,1,3
264846,2081,F,79,1,1,1,9
264847,3469,F,74,1,1,1,9
264850,2842,F,28,1,0,1,10
264851,4052,M,50,1,0,1,8
264852,8517,M,39,1,1,1,10
264855,2030,M,55,2,1,1,10
264860,1228,M,79,1,0,1,5
264861,2209,M,43,1,1,1,5
264862,15572,F,51,1,1,1,9
264863,4713,F,42,1,0,1,9
264874,1027,F,32,1,1,1,9
264875,2256,M,36,1,0,1,9
264876,2467,M,18,1,0,1,9
264878,4796,M,31,1,1,1,10
264883,3187,M,47,2,0,1,10
264886,8254,M,34,1,1,1,12
264892,1889,M,54,1,0,1,5
264898,3747,M,38,2,0,1,10
264900,7901,M,64,1,0,1,8
264908,7143,M,58,1,1,1,10
264909,3292,F,46,1,0,1,10
264915,2338,M,21,1,1,1,8
264917,6858,M,46,1,1,1,8
264919,7209,F,35,1,1,1,9
264921,9199,F,30,1,1,1,11
264922,177,M,32,1,0,1,8
264925,726,M,43,1,0,0,7
264927,4227,M,54,1,1,1,8
264928,2819,F,41,1,0,1,9
264933,3722,F,30,1,0,1,8
264936,4921,F,25,1,1,1,10
264939,1243,F,62,1,0,1,7
264945,1163,M,49,1,0,1,8
264949,8452,F,36,1,1,1,8
264952,6110,F,63,1,0,1,9
264956,4145,F,52,1,1,1,10
264958,3519,F,42,1,1,1,10
264960,3886,F,68,1,1,1,10
264967,5510,M,62,1,1,1,10
264969,9370,F,34,2,0,1,10
264971,3217,F,28,1,0,1,7
264972,11735,F,54,1,1,1,10
264974,2891,M,26,1,0,1,7
264977,4617,M,60,1,0,1,10
264982,3496,M,26,1,0,1,9
264984,647,F,25,1,1,1,6
264985,6770,M,24,1,0,1,9
264986,2223,F,45,1,0,1,5
264989,2122,F,57,1,1,1,4
264993,6294,F,67,1,0,1,9
264994,5861,F,71,1,1,1,10
264997,8416,M,45,1,1,1,8
264999,13255,F,40,2,0,1,10
265017,3224,F,66,1,1,1,10
265059,6698,F,37,1,1,1,9
265117,249,M,72,1,0,0,6
265121,5600,M,63,1,1,1,10
265168,4700,F,37,1,0,1,11
265224,151,F,27,1,0,0,4
265225,1771,F,50,1,0,1,6
265240,4393,M,40,1,1,1,10
265255,907,F,23,2,0,1,5
265257,7525,M,55,1,1,1,6
265304,4475,F,20,2,0,1,9
265332,6369,F,35,1,1,1,7
265364,2086,F,21,1,1,1,11
265380,1349,F,57,1,0,1,9
265416,813,F,40,1,1,1,6
265472,11232,M,33,1,1,1,10
265497,13259,M,28,1,0,1,4
265518,5659,M,57,1,1,1,9
265524,2794,F,32,1,1,1,6
265542,6454,F,50,1,1,1,10
265568,4038,M,55,1,1,1,6
265583,2074,F,70,1,1,1,6
265674,917,F,55,1,0,1,6
265676,3036,F,34,1,0,1,9
265954,3314,F,28,1,1,1,7
265982,2200,M,20,1,0,1,5
265997,5106,M,28,1,0,1,11
265999,1035,F,52,1,0,1,8
269113,1823,M,49,1,1,1,8
269139,8533,F,38,1,1,1,9
269281,5347,F,34,1,0,1,11
270513,4834,F,28,1,0,1,5
270527,8305,F,62,1,0,1,8
270944,14072,F,30,1,1,1,10
270976,15606,F,68,1,1,1,10
270978,3274,F,59,2,0,1,5
270988,7530,F,41,1,0,1,8
280095,3917,F,27,1,0,1,8
280221,6265,M,36,1,1,1,6
280362,2664,M,24,1,0,1,6
280443,5236,M,53,1,1,1,10
281097,4133,F,44,1,1,1,8
281112,6424,F,58,1,0,1,4
281235,4895,F,24,1,0,1,7
281309,20533,F,53,1,0,1,9
281395,5569,F,42,1,1,1,9
281432,12765,F,50,1,0,1,10
282096,5341,M,45,1,0,1,9
282139,2607,F,58,1,0,1,9
282226,1567,F,32,1,0,1,6
282227,3789,M,42,2,1,1,6
282252,1512,F,56,1,0,1,4
282357,2074,M,71,1,1,1,9
282420,1327,M,52,1,0,1,6
282435,1282,F,63,1,0,1,4
282501,969,M,57,1,0,1,7
282502,11351,F,53,1,1,1,10
282508,19289,F,40,1,1,1,10
282511,8308,M,37,1,1,1,8
282518,5836,F,31,1,1,1,9
282520,3215,M,34,1,0,1,7
282528,7449,F,47,1,0,1,10
282529,572,M,30,1,1,1,5
282535,7021,F,26,1,0,1,9
282541,3774,F,35,2,1,1,9
282546,2844,,36,1,1,1,9
282550,7336,M,47,1,1,1,7
282555,6523,M,36,1,1,1,8
282562,4313,F,42,2,1,1,9
282564,4357,F,61,1,1,1,8
282566,10372,F,59,1,0,1,9
282569,1417,F,63,1,0,1,7
282570,1959,M,83,1,0,1,8
282573,4313,M,31,1,0,1,7
282576,4043,F,39,1,1,1,9
282578,5444,F,64,1,1,1,7
282591,2157,M,22,1,0,1,7
282594,2476,F,50,1,1,1,8
282596,4718,F,64,1,0,1,5
282601,8706,M,28,1,0,1,7
282603,9334,F,52,1,1,1,10
282606,2507,F,18,1,0,1,5
282615,14886,F,37,1,0,1,8
282617,9820,F,36,1,0,1,9
282626,1322,F,77,1,1,1,9
282628,10086,F,24,2,0,1,10
282630,3549,M,16,1,0,1,8
282638,13749,M,27,1,1,1,10
282640,5116,F,70,1,1,1,9
282646,1622,M,24,1,0,1,7
282650,1700,F,24,1,0,1,8
282656,3695,F,40,1,1,1,8
282676,5517,F,22,1,1,1,9
282679,6777,F,26,1,1,1,10
282683,10440,M,25,1,0,1,10
282695,1773,M,33,1,0,1,10
282697,3338,F,66,1,0,1,9
282698,1897,F,21,1,0,1,5
282700,6863,F,25,1,0,1,6
282702,15411,F,65,1,1,1,12
282704,4323,M,26,1,0,1,8
282706,10075,F,56,2,1,1,8
282708,1755,M,34,1,0,1,4
282711,1732,F,24,1,1,1,7
282716,7542,F,49,1,0,1,9
282722,4400,F,50,1,0,1,9
282723,7546,M,49,1,1,1,9
282725,7280,F,62,1,1,1,9
282727,1611,M,31,1,1,1,9
282728,9705,F,22,1,1,1,8
282730,1145,F,55,1,0,1,5
282733,1520,M,51,1,1,1,4
282743,4708,F,58,1,0,1,9
282745,3103,F,47,1,0,1,6
282777,1713,F,30,1,0,1,6
282807,9515,F,39,1,1,1,11
282811,1334,F,65,1,1,1,10
283165,7241,F,31,1,1,1,8
283169,4288,,,1,0,1,4
283170,4836,F,28,1,0,1,9
283171,725,F,59,1,1,1,4
283176,11685,M,36,1,1,1,10
283178,4442,F,25,1,0,1,8
283182,16489,M,41,2,1,1,8
283183,12840,F,41,1,1,1,10
283184,2205,M,52,1,0,1,5
283192,8670,F,44,1,1,1,9
283197,7639,F,53,1,0,1,8
283198,7127,M,31,1,0,1,9
283207,4625,F,34,1,0,1,9
283212,10924,F,36,1,1,1,9
283225,796,F,61,1,0,1,7
283228,2497,F,47,1,0,1,9
283232,9192,F,46,1,0,1,12
283233,1971,M,47,1,0,1,10
283236,3504,F,54,1,1,1,9
283239,1537,M,17,1,0,1,2
283240,1435,F,41,1,1,1,6
283246,4273,F,52,1,0,1,6
283248,4763,M,60,1,0,1,9
283254,1972,M,34,1,1,1,6
283257,7124,M,51,1,1,1,8
283261,7818,F,42,1,1,1,9
283272,6795,M,52,1,1,1,7
283276,10015,F,59,1,1,1,9
283285,2171,F,34,1,0,1,4
283347,5851,F,50,2,0,1,9
283351,6935,M,24,1,0,1,9
283355,2033,F,26,1,1,1,9
283356,7347,F,49,1,0,1,12
283358,7286,M,36,1,0,1,10
283359,8444,M,37,1,1,1,9
283361,4808,F,30,1,0,1,8
283364,11080,M,31,1,0,1,8
283367,13924,F,34,1,1,1,9
283368,10549,M,38,1,1,1,9
283372,14997,M,45,1,1,1,9
283373,16509,M,36,1,1,1,9
283375,8828,F,56,1,1,1,9
283382,1307,F,35,2,1,1,10
283386,951,M,56,2,0,1,4
283389,9022,M,35,1,0,1,8
283391,4498,F,56,1,1,1,9
283402,7563,F,30,1,1,1,3
283406,3320,F,28,1,1,1,5
283408,4331,F,33,2,1,1,9
283412,10387,M,67,1,1,1,9
283423,5404,F,42,1,1,1,8
283424,1432,M,40,1,0,1,4
283428,4525,F,48,1,1,1,9
283433,3550,M,36,1,1,1,9
283434,8587,F,56,2,1,1,9
283436,8849,M,34,2,1,1,9
283437,1113,F,31,1,1,1,8
283444,8819,F,59,1,1,1,9
283446,6134,M,47,1,0,1,11
283448,18307,F,33,2,0,1,12
283455,729,F,53,1,0,1,3
283457,635,M,29,1,1,1,6
283458,1441,F,29,1,0,1,8
283461,4105,F,55,1,0,1,9
283465,2683,F,45,1,1,1,7
283468,903,M,23,1,0,1,4
283469,3498,,,1,0,1,6
283470,736,M,24,1,0,1,2
283474,1681,M,53,1,0,1,6
283476,1088,F,18,2,0,1,6
283480,9693,M,23,1,1,1,9
283481,3779,F,34,1,1,1,10
283483,16924,M,37,1,1,1,10
283484,2991,F,30,1,0,1,8
283489,434,M,39,1,0,1,5
283492,6526,,,1,1,1,9
283494,5266,M,30,1,0,1,10
283537,14784,F,35,1,1,1,10
283589,7515,M,54,1,1,1,9
285612,2876,F,64,1,1,1,6
285624,9638,F,21,1,1,1,10
285653,4091,F,43,1,1,1,8
285680,2925,F,58,1,0,1,9
285683,1900,F,73,1,1,1,9
285733,2171,M,30,1,0,1,4
285787,3228,F,44,1,1,1,8
285828,6802,M,47,1,1,1,9
285974,6070,M,50,1,1,1,9
286051,556,F,57,1,0,1,4
286057,3516,F,21,1,0,1,6
286894,6519,F,28,1,1,1,9
286897,2195,M,30,1,0,1,7
286904,4481,F,52,1,0,1,7
286905,575,F,57,1,1,1,5
286916,3651,F,39,1,0,1,9
286942,4809,F,42,1,1,1,9
287020,6620,M,39,2,0,1,8
287031,6066,F,58,1,0,1,8
287032,15338,M,1,1,0,1,7
287057,1628,F,64,1,0,1,5
287060,13182,F,52,1,1,1,9
287071,4660,F,27,1,1,1,9
287092,1125,F,39,1,0,1,5
287093,6126,M,45,1,0,1,8
287121,11938,M,32,1,0,1,9
287129,16578,F,40,1,1,1,9
287153,7460,F,28,1,1,1,6
287167,1468,F,64,1,1,1,8
287169,3284,F,46,1,0,1,6
287177,3310,F,67,1,1,1,9
287179,360,F,36,1,0,1,6
287221,1702,F,24,2,0,1,5
287275,2513,F,34,1,1,1,9
287309,3068,F,32,1,1,1,6
287314,713,F,71,1,1,1,7
287356,7287,M,27,1,1,1,8
287360,15876,M,47,1,1,1,9
287392,2186,M,57,1,1,1,4
287404,6601,M,19,1,1,1,9
287405,9497,M,70,1,1,1,9
287457,1348,F,20,1,1,1,7
287460,1614,F,38,1,0,1,7
287850,800,M,41,1,1,1,9
288507,1975,F,61,1,0,1,9
288521,3412,F,31,1,0,1,8
288528,370,M,52,1,1,1,5
288658,7699,F,74,1,1,1,8
288669,781,F,77,1,1,1,7
288670,4231,F,65,1,0,1,7
288679,12759,F,63,1,1,1,10
288680,1494,M,36,1,1,1,5
288681,5511,F,26,1,1,1,10
288711,7885,M,44,1,1,1,9
288737,6146,F,40,1,1,1,8
288742,3864,F,49,1,1,1,5
288744,2773,M,35,1,0,1,9
288745,755,F,66,1,0,0,4
288759,2918,M,40,1,1,1,9
288760,4489,F,44,1,0,1,9
288780,2484,F,58,1,1,1,9
288781,11001,F,46,1,1,1,9
288788,4740,F,36,3,1,1,7
288789,3750,F,71,1,1,1,9
288828,4303,M,58,1,1,1,5
288837,1519,M,19,1,1,1,6
288911,7306,F,37,1,1,1,9
288965,1649,F,41,1,1,1,10
289034,18261,F,55,1,0,1,11
289566,8753,M,24,1,1,1,6
289656,4853,M,67,1,1,1,6
289671,1230,F,60,1,1,1,7
289678,6887,F,35,1,1,1,8
289803,3142,F,61,1,1,1,9
289812,4204,F,59,1,1,1,9
289834,4694,F,64,1,1,1,9
289836,3247,F,69,1,1,1,8
289868,11000,F,39,1,0,1,9
289871,17678,F,36,1,0,1,8
289970,1599,F,77,1,1,1,9
300532,3998,M,30,1,0,1,7
300546,7879,F,31,1,1,1,8
300550,3746,M,25,1,1,1,8
300552,1900,M,50,1,0,1,6
300553,7571,M,32,1,1,1,8
300555,1464,M,65,1,0,1,7
300570,4823,F,62,1,1,1,12
300572,4789,F,26,2,0,1,8
300585,3270,M,50,2,0,1,9
300594,2044,,,1,0,1,6
300612,343,M,40,1,0,1,5
300617,179,M,58,1,0,1,5
300618,55,M,25,1,0,1,2
300635,8783,F,63,1,1,1,7
303183,659,F,21,1,0,1,7
303264,11297,F,55,1,0,1,9
303482,2148,F,36,1,1,1,5
370030,6164,F,51,1,1,1,7
370046,4787,M,18,1,0,1,7
370098,4794,F,41,1,1,1,6
370105,3103,F,39,1,1,1,7
370115,1760,M,36,1,1,1,6
370131,2742,M,50,1,1,1,7
370143,1805,F,40,1,1,1,6
370144,823,F,49,1,1,1,6
370179,169,F,59,1,1,1,4
370194,1944,F,28,1,1,1,6
370221,4211,M,25,1,1,1,5
370228,13180,F,37,1,0,1,7
370262,945,M,57,1,1,1,4
370289,1218,F,23,1,1,1,7
370291,1534,F,35,1,1,1,5
370339,3076,F,68,1,1,1,6
370354,2473,F,28,2,1,1,6
370374,744,F,33,1,1,1,2
370401,7779,F,54,1,1,1,7
370404,2038,M,65,1,1,1,7
370410,3839,F,25,1,0,1,7
370411,1213,M,33,1,1,1,5
370482,7085,F,83,1,0,1,7
370536,2409,M,36,1,1,1,7
370552,3283,M,41,1,0,1,5
370561,1155,F,49,1,1,1,4
370660,4644,F,52,1,0,1,7
370680,6379,M,19,2,0,1,6
370719,3118,F,58,1,1,1,7
370730,1728,F,62,1,1,1,7
370755,5822,F,48,1,1,1,2
370757,494,M,56,1,1,1,5
370758,576,F,55,1,1,1,3
370808,4678,F,41,1,1,1,7
370825,965,M,55,1,1,1,6
370833,12421,F,23,1,0,1,7
370846,2959,F,38,1,1,1,6
370863,4573,M,23,1,0,1,7
370872,7308,M,35,1,1,1,7
370882,7677,F,33,1,1,1,5
370888,4149,M,33,1,1,1,4
370948,1392,M,22,1,1,1,7
370996,5512,F,39,1,1,1,6
371012,3431,F,53,1,0,1,7
371033,2068,M,26,1,1,1,4
371035,4554,F,34,1,1,1,5
371037,260,M,36,1,1,1,2
371041,8535,M,28,2,0,1,7
371047,5752,M,59,1,0,1,7
371055,2747,M,43,1,1,1,7
371062,408,F,69,1,1,1,4
371070,7159,F,51,1,0,1,7
371097,5145,F,28,1,0,1,7
371104,3478,M,42,1,1,1,5
371105,7064,F,43,1,1,1,7
371114,3721,F,58,2,1,1,6
371176,1304,M,53,1,1,1,4
371179,4144,M,43,1,1,1,4
371186,3773,M,29,1,1,1,7
371198,913,F,56,1,1,1,5
371237,4554,F,39,1,1,1,6
371239,2828,F,36,1,1,1,7
371263,3675,M,45,1,1,1,10
371265,3058,F,37,1,1,1,7
371300,1375,F,43,1,1,1,4
371306,6107,F,57,1,0,1,9
371338,5715,M,27,1,0,1,8
371389,5440,F,51,1,1,1,7
371404,2090,F,40,1,1,1,3
371405,15649,M,42,1,1,1,6
371435,1577,M,8,1,1,1,2
371440,1226,M,20,1,1,1,7
371459,2714,F,41,1,1,1,7
371461,2110,F,29,1,1,1,6
371507,1305,M,45,1,1,1,5
371508,2045,F,41,1,0,1,7
371548,5106,F,32,2,0,1,7
371550,1577,F,29,1,1,1,4
371561,3709,F,37,1,1,1,7
371575,11404,M,60,1,0,1,7
371606,515,F,49,1,1,1,2
371607,4312,F,27,1,0,1,7
371625,4543,F,31,1,1,1,7
371644,3398,F,60,1,0,1,7
371646,657,F,59,2,1,1,2
371654,977,M,47,1,1,1,4
371694,1587,F,57,1,1,1,6
371696,1188,M,35,1,1,1,6
371698,9235,F,65,1,0,1,7
371737,2882,M,27,1,1,1,3
371760,1502,M,20,1,1,1,6
371762,3382,M,23,1,1,1,7
371767,625,F,21,1,1,1,4
371793,1494,F,29,1,1,1,5
371820,8212,F,38,1,0,1,7
371929,954,M,47,1,1,1,4
371937,13597,F,45,1,0,1,7
371964,1601,F,41,1,1,1,6
371981,498,F,58,1,1,1,6
377461,378,F,57,1,1,1,5
377849,328,F,60,1,1,1,4
380823,2098,F,54,1,1,1,6
380831,15567,M,38,1,1,1,5
380849,3693,F,29,1,1,1,6
380920,1203,,,1,1,1,6
380963,2123,F,40,1,1,1,7
381004,2777,F,40,1,1,1,6
381017,1170,F,28,1,1,1,6
381029,2490,M,24,2,1,1,4
381040,1268,M,45,1,1,1,6
381046,1432,M,59,1,1,1,6
381068,608,M,24,1,1,1,5
381091,3005,M,19,1,0,1,7
381102,3258,F,54,1,1,1,7
381111,5560,F,61,1,1,1,7
381163,7786,M,49,1,0,1,9
381187,3488,F,56,1,1,1,7
381223,7324,M,48,2,1,1,6
381297,4204,F,69,1,0,1,11
389649,15929,M,53,1,0,1,7
396024,6214,F,54,1,0,1,7
396030,15363,F,22,1,1,1,5
396087,2386,M,44,1,1,1,4
396095,4930,F,53,1,1,1,6
396097,1412,F,41,1,0,0,7
396105,2425,M,41,1,1,1,5
396126,563,F,22,2,1,1,4
396127,989,F,18,1,1,1,4
396171,2141,F,47,1,1,1,6
396208,2246,M,26,1,1,1,6
396240,3882,F,32,1,1,1,7
396262,1036,F,25,1,1,1,5
396264,2029,F,24,1,1,1,7
396290,137,M,23,1,0,0,4
396291,5963,F,48,1,0,1,7
396304,1812,M,29,1,1,1,5
396341,4643,M,55,1,1,1,6
396347,9980,F,40,1,1,1,7
396360,8210,M,58,1,0,1,7
396405,2395,M,26,1,1,1,7
396437,5529,M,75,1,0,1,7
396452,13322,F,33,1,1,1,7
396456,3380,F,72,1,1,1,6
396473,2165,F,49,1,1,1,6
396558,3539,F,26,1,1,1,6
396569,885,F,30,1,1,1,4
396577,3554,F,40,2,1,1,7
396590,4040,F,27,1,1,1,7
396671,1007,F,23,1,1,1,2
396742,1936,F,33,1,1,1,5
396746,1783,F,48,1,1,1,7
396806,3395,M,32,1,1,1,8
396814,4604,F,73,1,1,1,7
396871,1368,F,20,1,1,1,3
396954,4254,M,35,1,1,1,7
396993,1009,M,29,1,1,1,2
397013,2390,M,21,1,1,1,2
397076,998,F,73,1,1,1,6
397133,5114,F,45,1,1,1,7
397139,8634,F,19,2,0,1,7
397149,8859,M,41,2,0,1,7
397174,13337,M,28,1,1,1,7
397206,2105,M,62,1,1,1,6
397210,5327,F,35,1,1,1,4
397245,2418,F,55,1,1,1,5
397292,2054,F,29,1,1,1,5
397314,809,F,23,1,1,1,6
397325,4238,F,44,1,1,1,4
397327,4551,M,32,1,1,1,6
397332,766,F,59,1,1,1,3
397358,1641,F,19,2,1,1,6
397394,1617,F,48,1,1,1,7
397461,2092,F,67,1,0,1,7
397462,12001,F,51,1,0,1,7
397479,1095,F,20,1,1,1,6
397502,5081,F,38,1,0,1,7
397542,509,F,61,1,1,1,5
397608,2898,F,26,1,1,1,7
397701,5935,F,36,1,1,1,7
397712,12229,M,29,1,1,1,7
397744,1314,F,59,1,1,1,6
397768,1771,F,30,1,1,1,5
397791,2208,F,80,1,1,1,7
397801,2660,,,1,1,1,7
397810,4005,F,56,1,1,1,4
397819,1470,M,44,1,1,1,5
397844,2012,F,68,1,1,1,7
397901,716,M,68,1,1,1,6
397938,1885,F,43,1,1,1,4
397939,4881,F,46,1,1,1,6
397943,5246,M,27,1,1,1,7
397948,750,F,27,1,1,1,4
397949,7302,M,17,1,1,1,7
397999,4740,M,53,1,0,1,7
398008,374,F,45,1,1,1,5
398114,1615,F,55,1,1,1,5
398118,1132,F,41,1,1,1,5
398143,1946,M,51,1,1,1,7
398276,1353,F,36,2,1,1,4
398489,3847,M,50,1,1,1,4
403512,3963,M,29,1,1,1,7
403518,5755,F,20,1,1,1,7
403534,2406,M,63,1,0,1,7
403538,814,F,48,1,1,1,4
403541,3231,F,39,2,0,1,7
403564,3746,F,27,1,1,1,5
403646,5094,F,36,1,1,1,6
403647,3065,M,51,1,1,1,5
403661,4590,F,30,1,0,1,6
403671,2529,F,24,1,1,1,5
403688,5955,M,41,1,0,1,7
403729,5660,M,38,1,1,1,5
403739,2369,M,42,1,1,1,7
403741,7144,F,59,1,1,1,5
403744,3962,F,21,1,0,1,6
403760,10815,M,29,1,1,1,6
403812,3409,F,49,1,1,1,7
403815,1971,F,25,1,1,1,5
403827,2534,F,41,1,0,1,7
403838,11995,F,56,1,1,1,7
403867,11775,F,39,1,1,1,7
403874,1660,F,19,1,1,1,6
403880,1443,M,21,1,1,1,6
403892,12079,F,35,3,1,1,11
403906,1162,F,18,2,1,1,6
403948,3522,M,38,1,1,1,7
403963,374,M,24,1,1,1,5
403981,10892,M,30,1,0,1,7
403990,2726,F,31,1,1,1,7
403996,1338,F,31,1,1,1,4
410082,5594,F,30,1,0,1,7
410083,6123,M,27,1,0,1,7
410084,5734,M,28,1,1,1,6
410107,452,F,27,1,1,1,2
410131,2329,F,51,1,1,1,5
410167,1928,M,29,1,1,1,4
410174,5961,M,39,1,1,1,7
410196,2313,F,57,1,1,1,7
410211,6031,M,35,1,1,1,7
410218,2429,M,69,1,1,1,7
410223,8262,M,46,1,0,1,7
410260,414,,,1,1,1,2
410270,2174,F,61,1,1,1,5
410276,2028,F,73,1,1,1,7
410283,2458,F,34,1,1,1,4
410325,462,M,30,1,1,1,5
410357,626,F,34,1,1,1,3
410365,348,F,51,1,1,1,5
410366,1030,F,25,1,1,1,6
410492,1434,F,32,1,1,1,6
410515,4586,F,31,1,1,1,5
410546,686,F,54,1,1,1,7
410561,8279,F,32,1,1,1,7
410581,1765,F,50,1,1,1,6
410594,986,M,28,1,1,1,4
410637,597,F,28,1,1,1,5
410658,7367,F,23,1,0,1,7
410695,5929,F,76,1,0,1,9
410696,12386,M,38,3,1,1,8
410706,1571,M,17,1,1,1,3
410717,9884,F,40,1,0,1,7
410730,1043,M,21,1,1,1,5
410770,5307,F,40,1,1,1,10
410778,1405,F,46,1,1,1,6
410781,3760,F,54,1,1,1,6
410793,2959,F,32,1,1,1,6
410816,7692,F,28,1,0,1,7
410855,2108,M,25,1,1,1,5
410863,7687,M,37,1,1,1,7
410879,10747,F,32,1,1,1,7
410920,2524,F,26,2,1,1,3
410941,4244,M,19,1,1,1,6
410969,1240,F,45,1,1,1,6
410975,3625,F,28,1,1,1,7
410992,5798,F,30,1,1,1,7
431325,3294,F,58,1,0,1,7